ticker,n_bars,first_ts,last_ts,span_days,coverage_pct,chunks_sent,termination,time_s,status,error
A1CAP,7144,2023-06-15 09:00:00+03:00,2026-04-24 18:00:00+03:00,1044,0.9534,5,no_progress,3.22,ok,
A1YEN,8000,2023-02-02 14:00:00+03:00,2026-04-24 18:00:00+03:00,1177,1.0,4,target,2.34,ok,
AAGYO,110,2026-04-09 09:00:00+03:00,2026-04-24 18:00:00+03:00,15,0.0137,2,no_progress,0.99,ok,
ACSEL,8000,2023-02-02 16:00:00+03:00,2026-04-24 18:00:00+03:00,1177,1.0,4,target,2.31,ok,
ADEL,8000,2023-01-17 15:00:00+03:00,2026-04-24 18:00:00+03:00,1193,1.0,4,target,2.32,ok,
ADESE,8000,2023-01-31 17:00:00+03:00,2026-04-24 18:00:00+03:00,1179,1.0,4,target,2.4,ok,
ADGYO,6500,2023-09-20 09:00:00+03:00,2026-04-24 18:00:00+03:00,947,0.8648,5,no_progress,2.78,ok,
AEFES,8000,2023-02-02 17:00:00+03:00,2026-04-24 18:00:00+03:00,1177,1.0,4,target,2.33,ok,
AFYON,8000,2023-02-02 17:00:00+03:00,2026-04-24 18:00:00+03:00,1177,1.0,4,target,2.05,ok,
AGESA,8000,2023-02-01 17:00:00+03:00,2026-04-24 18:00:00+03:00,1178,1.0,4,target,2.32,ok,
AGHOL,8000,2023-02-01 17:00:00+03:00,2026-04-24 18:00:00+03:00,1178,1.0,4,target,2.36,ok,
AGROT,6040,2023-11-23 09:00:00+03:00,2026-04-24 18:00:00+03:00,883,0.8064,5,no_progress,2.89,ok,
AGYO,8000,2023-02-02 15:00:00+03:00,2026-04-24 18:00:00+03:00,1177,1.0,4,target,2.36,ok,
AHGAZ,8000,2023-01-26 17:00:00+03:00,2026-04-24 18:00:00+03:00,1184,1.0,4,target,2.4,ok,
AHSGY,4146,2024-08-29 09:00:00+03:00,2026-04-24 18:00:00+03:00,603,0.5507,4,no_progress,2.21,ok,
AKBNK,8000,2023-02-01 17:00:00+03:00,2026-04-24 18:00:00+03:00,1178,1.0,4,target,2.02,ok,
AKCNS,8000,2023-01-27 17:00:00+03:00,2026-04-24 18:00:00+03:00,1183,1.0,4,target,2.38,ok,
AKENR,8000,2023-02-01 17:00:00+03:00,2026-04-24 18:00:00+03:00,1178,1.0,4,target,2.24,ok,
AKFGY,8000,2023-02-02 17:00:00+03:00,2026-04-24 18:00:00+03:00,1177,1.0,4,target,2.31,ok,
AKFIS,3132,2025-01-23 09:00:00+03:00,2026-04-24 18:00:00+03:00,456,0.4164,3,no_progress,2.11,ok,
AKFYE,7758,2023-03-16 09:00:00+03:00,2026-04-24 18:00:00+03:00,1135,1.0,4,target,3.0,ok,
AKGRT,8000,2023-02-02 17:00:00+03:00,2026-04-24 18:00:00+03:00,1177,1.0,4,target,2.83,ok,
AKHAN,534,2026-02-06 09:00:00+03:00,2026-04-24 18:00:00+03:00,77,0.0703,2,no_progress,1.26,ok,
AKMGY,8000,2023-01-26 17:00:00+03:00,2026-04-24 18:00:00+03:00,1184,1.0,4,target,2.85,ok,
AKSA,8000,2023-02-01 17:00:00+03:00,2026-04-24 18:00:00+03:00,1178,1.0,4,target,3.04,ok,
AKSEN,8000,2023-01-31 17:00:00+03:00,2026-04-24 18:00:00+03:00,1179,1.0,4,target,2.8,ok,
AKSGY,8000,2023-01-31 17:00:00+03:00,2026-04-24 18:00:00+03:00,1179,1.0,4,target,2.81,ok,
AKSUE,8000,2023-02-02 15:00:00+03:00,2026-04-24 18:00:00+03:00,1177,1.0,4,target,2.96,ok,
AKYHO,8000,2023-02-02 17:00:00+03:00,2026-04-24 18:00:00+03:00,1177,1.0,4,target,2.78,ok,
ALARK,8000,2023-02-01 16:00:00+03:00,2026-04-24 18:00:00+03:00,1178,1.0,4,target,2.81,ok,
ALBRK,8000,2023-02-01 17:00:00+03:00,2026-04-24 18:00:00+03:00,1178,1.0,4,target,2.8,ok,
ALCAR,8000,2023-01-30 15:00:00+03:00,2026-04-24 18:00:00+03:00,1180,1.0,4,target,2.92,ok,
ALCTL,8000,2023-01-31 16:00:00+03:00,2026-04-24 18:00:00+03:00,1179,1.0,4,target,2.81,ok,
ALFAS,8000,2023-01-30 17:00:00+03:00,2026-04-24 18:00:00+03:00,1180,1.0,4,target,2.84,ok,
ALGYO,8000,2023-02-01 17:00:00+03:00,2026-04-24 18:00:00+03:00,1178,1.0,4,target,2.84,ok,
ALKA,8000,2023-02-02 17:00:00+03:00,2026-04-24 18:00:00+03:00,1177,1.0,4,target,2.77,ok,
ALKIM,8000,2023-02-02 17:00:00+03:00,2026-04-24 18:00:00+03:00,1177,1.0,4,target,2.85,ok,
ALKLC,4725,2024-06-04 09:00:00+03:00,2026-04-24 18:00:00+03:00,689,0.6292,4,no_progress,2.9,ok,
ALTNY,4855,2024-05-16 09:00:00+03:00,2026-04-24 18:00:00+03:00,708,0.6466,4,no_progress,2.81,ok,
ALVES,5350,2024-02-29 09:00:00+03:00,2026-04-24 18:00:00+03:00,785,0.7169,4,no_progress,2.8,ok,
ANELE,8000,2023-01-27 16:00:00+03:00,2026-04-24 18:00:00+03:00,1183,1.0,4,target,2.97,ok,
ANGEN,8000,2023-02-02 17:00:00+03:00,2026-04-24 18:00:00+03:00,1177,1.0,4,target,3.06,ok,
ANHYT,8000,2023-02-02 17:00:00+03:00,2026-04-24 18:00:00+03:00,1177,1.0,4,target,2.78,ok,
ANSGR,8000,2023-02-01 17:00:00+03:00,2026-04-24 18:00:00+03:00,1178,1.0,4,target,3.1,ok,
ARASE,8000,2023-02-01 15:00:00+03:00,2026-04-24 18:00:00+03:00,1178,1.0,4,target,2.81,ok,
ARCLK,8000,2023-02-02 17:00:00+03:00,2026-04-24 18:00:00+03:00,1177,1.0,4,target,3.18,ok,
ARDYZ,8000,2023-02-01 17:00:00+03:00,2026-04-24 18:00:00+03:00,1178,1.0,4,target,2.85,ok,
ARENA,8000,2023-02-01 17:00:00+03:00,2026-04-24 18:00:00+03:00,1178,1.0,4,target,3.03,ok,
ARFYE,774,2026-01-05 09:00:00+03:00,2026-04-24 18:00:00+03:00,109,0.0995,2,no_progress,1.23,ok,
ARMGD,3272,2025-01-03 09:00:00+03:00,2026-04-24 18:00:00+03:00,476,0.4347,3,no_progress,2.09,ok,
ARSAN,8000,2022-11-10 12:00:00+03:00,2026-04-24 18:00:00+03:00,1261,1.0,4,target,3.08,ok,
ARTMS,5330,2024-03-04 09:00:00+03:00,2026-04-24 18:00:00+03:00,781,0.7132,4,no_progress,2.84,ok,
ARZUM,8000,2023-02-01 14:00:00+03:00,2026-04-24 18:00:00+03:00,1178,1.0,4,target,3.0,ok,
ASELS,8000,2023-02-02 17:00:00+03:00,2026-04-24 18:00:00+03:00,1177,1.0,4,target,2.4,ok,
ASGYO,6820,2023-08-03 09:00:00+03:00,2026-04-24 18:00:00+03:00,995,0.9087,5,no_progress,3.31,ok,
ASTOR,8000,2023-02-02 17:00:00+03:00,2026-04-24 18:00:00+03:00,1177,1.0,4,target,2.5,ok,
ASUZU,8000,2023-01-27 18:00:00+03:00,2026-04-24 18:00:00+03:00,1183,1.0,4,target,2.29,ok,
ATAGY,8000,2023-02-02 09:00:00+03:00,2026-04-24 18:00:00+03:00,1177,1.0,4,target,2.73,ok,
ATAKP,6880,2023-07-27 09:00:00+03:00,2026-04-24 18:00:00+03:00,1002,0.9151,5,no_progress,3.33,ok,
ATATP,8000,2023-01-31 14:00:00+03:00,2026-04-24 18:00:00+03:00,1179,1.0,4,target,2.99,ok,
ATATR,444,2026-02-19 09:00:00+03:00,2026-04-24 18:00:00+03:00,64,0.0584,2,no_progress,1.04,ok,
ATEKS,8000,2022-07-05 16:00:00+03:00,2026-04-24 18:00:00+03:00,1389,1.0,4,target,2.61,ok,
ATLAS,8000,2023-01-16 18:00:00+03:00,2026-04-24 18:00:00+03:00,1194,1.0,4,target,2.9,ok,
ATSYH,4000,2023-02-01 13:00:00+03:00,2026-04-24 18:00:00+03:00,1178,1.0,2,target,1.45,ok,
AVGYO,8000,2023-02-02 15:00:00+03:00,2026-04-24 18:00:00+03:00,1177,1.0,4,target,2.55,ok,
AVHOL,8000,2023-01-10 16:00:00+03:00,2026-04-24 18:00:00+03:00,1200,1.0,4,target,2.48,ok,
AVOD,8000,2023-02-02 17:00:00+03:00,2026-04-24 18:00:00+03:00,1177,1.0,4,target,2.64,ok,
AVPGY,5830,2023-12-21 09:00:00+03:00,2026-04-24 18:00:00+03:00,855,0.7808,4,no_progress,2.5,ok,
AVTUR,8000,2022-12-29 17:00:00+03:00,2026-04-24 18:00:00+03:00,1212,1.0,4,target,2.84,ok,
AYCES,8000,2023-02-02 10:00:00+03:00,2026-04-24 18:00:00+03:00,1177,1.0,4,target,2.19,ok,
AYDEM,8000,2023-02-02 17:00:00+03:00,2026-04-24 18:00:00+03:00,1177,1.0,4,target,2.55,ok,
AYEN,8000,2023-02-02 17:00:00+03:00,2026-04-24 18:00:00+03:00,1177,1.0,4,target,2.47,ok,
AYES,4000,2023-02-01 18:00:00+03:00,2026-04-24 18:00:00+03:00,1178,1.0,2,target,1.77,ok,
AYGAZ,8000,2023-02-01 17:00:00+03:00,2026-04-24 18:00:00+03:00,1178,1.0,4,target,2.65,ok,
AZTEK,8000,2023-02-02 17:00:00+03:00,2026-04-24 18:00:00+03:00,1177,1.0,4,target,2.17,ok,
BAGFS,8000,2023-02-02 16:00:00+03:00,2026-04-24 18:00:00+03:00,1177,1.0,4,target,2.3,ok,
BAHKM,4252,2024-08-13 09:00:00+03:00,2026-04-24 18:00:00+03:00,619,0.5653,4,no_progress,2.19,ok,
BAKAB,8000,2023-01-30 14:00:00+03:00,2026-04-24 18:00:00+03:00,1180,1.0,4,target,2.25,ok,
BALAT,4000,2023-01-27 18:00:00+03:00,2026-04-24 18:00:00+03:00,1183,1.0,2,target,1.43,ok,
BALSU,2922,2025-02-20 09:00:00+03:00,2026-04-24 18:00:00+03:00,428,0.3909,3,no_progress,1.91,ok,
BANVT,8000,2023-02-02 17:00:00+03:00,2026-04-24 18:00:00+03:00,1177,1.0,4,target,2.69,ok,
BARMA,8000,2023-01-31 17:00:00+03:00,2026-04-24 18:00:00+03:00,1179,1.0,4,target,2.16,ok,
BASCM,4000,2023-02-03 13:00:00+03:00,2026-04-24 18:00:00+03:00,1176,1.0,2,target,1.47,ok,
BASGZ,8000,2023-02-02 17:00:00+03:00,2026-04-24 18:00:00+03:00,1177,1.0,4,target,2.67,ok,
BAYRK,8000,2023-01-19 09:00:00+03:00,2026-04-24 18:00:00+03:00,1191,1.0,4,target,2.55,ok,
BEGYO,5930,2023-12-08 09:00:00+03:00,2026-04-24 18:00:00+03:00,868,0.7927,4,no_progress,2.16,ok,
BERA,8000,2023-02-01 17:00:00+03:00,2026-04-24 18:00:00+03:00,1178,1.0,4,target,2.18,ok,
BESLR,8000,2023-01-27 16:00:00+03:00,2026-04-24 18:00:00+03:00,1183,1.0,4,target,2.13,ok,
BESTE,504,2026-02-11 09:00:00+03:00,2026-04-24 18:00:00+03:00,72,0.0658,2,no_progress,1.1,ok,
BEYAZ,8000,2023-01-30 16:00:00+03:00,2026-04-24 18:00:00+03:00,1180,1.0,4,target,2.27,ok,
BFREN,8000,2023-02-01 16:00:00+03:00,2026-04-24 18:00:00+03:00,1178,1.0,4,target,2.78,ok,
BIENY,7334,2023-05-18 09:00:00+03:00,2026-04-24 18:00:00+03:00,1072,0.979,5,no_progress,2.76,ok,
BIGCH,7394,2023-05-10 09:00:00+03:00,2026-04-24 18:00:00+03:00,1080,0.9863,5,no_progress,2.7,ok,
BIGEN,3042,2025-02-05 09:00:00+03:00,2026-04-24 18:00:00+03:00,443,0.4046,3,no_progress,1.82,ok,
BIGTK,8000,2023-02-02 13:00:00+03:00,2026-04-24 18:00:00+03:00,1177,1.0,4,target,2.58,ok,
BIMAS,8000,2023-02-02 17:00:00+03:00,2026-04-24 18:00:00+03:00,1177,1.0,4,target,2.49,ok,
BINBN,3856,2024-10-09 09:00:00+03:00,2026-04-24 18:00:00+03:00,562,0.5132,3,no_progress,1.83,ok,
BINHO,6070,2023-11-20 09:00:00+03:00,2026-04-24 18:00:00+03:00,886,0.8091,5,no_progress,2.96,ok,
BIOEN,8000,2023-02-02 17:00:00+03:00,2026-04-24 18:00:00+03:00,1177,1.0,4,target,2.21,ok,
BIZIM,8000,2023-02-02 16:00:00+03:00,2026-04-24 18:00:00+03:00,1177,1.0,4,target,2.16,ok,
BJKAS,8000,2023-02-02 17:00:00+03:00,2026-04-24 18:00:00+03:00,1177,1.0,4,target,2.17,ok,
BLCYT,8000,2023-01-27 13:00:00+03:00,2026-04-24 18:00:00+03:00,1183,1.0,4,target,2.58,ok,
BLUME,8000,2023-02-02 16:00:00+03:00,2026-04-24 18:00:00+03:00,1177,1.0,4,target,2.19,ok,
BMSCH,8000,2023-02-02 15:00:00+03:00,2026-04-24 18:00:00+03:00,1177,1.0,4,target,2.13,ok,
BMSTL,8000,2023-02-02 16:00:00+03:00,2026-04-24 18:00:00+03:00,1177,1.0,4,target,2.4,ok,
BNTAS,8000,2023-02-02 17:00:00+03:00,2026-04-24 18:00:00+03:00,1177,1.0,4,target,2.15,ok,
BOBET,8000,2023-02-02 17:00:00+03:00,2026-04-24 18:00:00+03:00,1177,1.0,4,target,2.63,ok,
BORLS,6290,2023-10-19 09:00:00+03:00,2026-04-24 18:00:00+03:00,918,0.8384,5,no_progress,3.55,ok,
BORSK,5450,2024-02-15 09:00:00+03:00,2026-04-24 18:00:00+03:00,799,0.7297,4,no_progress,2.88,ok,
BOSSA,8000,2023-02-02 13:00:00+03:00,2026-04-24 18:00:00+03:00,1177,1.0,4,target,3.1,ok,
BRISA,8000,2023-02-02 17:00:00+03:00,2026-04-24 18:00:00+03:00,1177,1.0,4,target,2.99,ok,
BRKO,4000,2023-02-03 12:00:00+03:00,2026-04-24 18:00:00+03:00,1176,1.0,2,target,1.71,ok,
BRKSN,8000,2023-02-02 15:00:00+03:00,2026-04-24 18:00:00+03:00,1177,1.0,4,target,3.02,ok,
BRKVY,8000,2023-01-31 16:00:00+03:00,2026-04-24 18:00:00+03:00,1179,1.0,4,target,3.08,ok,
BRLSM,8000,2023-02-01 17:00:00+03:00,2026-04-24 18:00:00+03:00,1178,1.0,4,target,2.9,ok,
BRMEN,4000,2023-02-02 12:00:00+03:00,2026-04-24 18:00:00+03:00,1177,1.0,2,target,1.46,ok,
BRSAN,8000,2023-02-02 17:00:00+03:00,2026-04-24 18:00:00+03:00,1177,1.0,4,target,2.82,ok,
BRYAT,8000,2023-02-02 17:00:00+03:00,2026-04-24 18:00:00+03:00,1177,1.0,4,target,3.07,ok,
BSOKE,8000,2023-01-30 17:00:00+03:00,2026-04-24 18:00:00+03:00,1180,1.0,4,target,3.1,ok,
BTCIM,8000,2023-02-01 17:00:00+03:00,2026-04-24 18:00:00+03:00,1178,1.0,4,target,2.88,ok,
BUCIM,8000,2023-02-01 17:00:00+03:00,2026-04-24 18:00:00+03:00,1178,1.0,4,target,2.98,ok,
BULGS,2922,2025-02-21 09:00:00+03:00,2026-04-24 18:00:00+03:00,427,0.39,3,no_progress,1.99,ok,
BURCE,8000,2023-01-17 14:00:00+03:00,2026-04-24 18:00:00+03:00,1193,1.0,4,target,2.86,ok,
BURVA,8000,2023-01-17 18:00:00+03:00,2026-04-24 18:00:00+03:00,1193,1.0,4,target,3.0,ok,
BVSAN,7978,2023-02-06 09:00:00+03:00,2026-04-24 18:00:00+03:00,1173,1.0,4,target,2.81,ok,
BYDNR,6710,2023-08-21 09:00:00+03:00,2026-04-24 18:00:00+03:00,977,0.8922,5,no_progress,3.51,ok,
CANTE,8000,2023-02-01 17:00:00+03:00,2026-04-24 18:00:00+03:00,1178,1.0,4,target,2.96,ok,
CASA,4000,2023-01-11 13:00:00+03:00,2026-04-24 18:00:00+03:00,1199,1.0,2,target,1.58,ok,
CATES,5930,2023-12-07 09:00:00+03:00,2026-04-24 18:00:00+03:00,869,0.7936,4,no_progress,2.77,ok,
CCOLA,8000,2023-02-02 17:00:00+03:00,2026-04-24 18:00:00+03:00,1177,1.0,4,target,2.87,ok,
CELHA,8000,2023-02-01 12:00:00+03:00,2026-04-24 18:00:00+03:00,1178,1.0,4,target,3.11,ok,
CEMAS,8000,2023-01-20 11:00:00+03:00,2026-04-24 18:00:00+03:00,1190,1.0,4,target,2.88,ok,
CEMTS,8000,2023-02-02 17:00:00+03:00,2026-04-24 18:00:00+03:00,1177,1.0,4,target,3.05,ok,
CEMZY,4086,2024-09-09 09:00:00+03:00,2026-04-24 18:00:00+03:00,592,0.5406,4,no_progress,2.89,ok,
CEOEM,8000,2023-02-01 16:00:00+03:00,2026-04-24 18:00:00+03:00,1178,1.0,4,target,2.85,ok,
CGCAM,3392,2024-12-17 09:00:00+03:00,2026-04-24 18:00:00+03:00,493,0.4502,3,no_progress,2.14,ok,
CIMSA,8000,2023-02-02 17:00:00+03:00,2026-04-24 18:00:00+03:00,1177,1.0,4,target,2.8,ok,
CLEBI,8000,2023-01-31 16:00:00+03:00,2026-04-24 18:00:00+03:00,1179,1.0,4,target,2.88,ok,
CMBTN,8000,2023-02-02 13:00:00+03:00,2026-04-24 18:00:00+03:00,1177,1.0,4,target,2.93,ok,
CMENT,4000,2023-02-03 13:00:00+03:00,2026-04-24 18:00:00+03:00,1176,1.0,2,target,1.58,ok,
CONSE,8000,2023-02-02 17:00:00+03:00,2026-04-24 18:00:00+03:00,1177,1.0,4,target,2.86,ok,
COSMO,8000,2022-12-06 12:00:00+03:00,2026-04-24 18:00:00+03:00,1235,1.0,4,target,2.98,ok,
CRDFA,8000,2023-01-16 15:00:00+03:00,2026-04-24 18:00:00+03:00,1194,1.0,4,target,2.93,ok,
CRFSA,8000,2023-02-01 15:00:00+03:00,2026-04-24 18:00:00+03:00,1178,1.0,4,target,2.84,ok,
CUSAN,8000,2023-02-02 10:00:00+03:00,2026-04-24 18:00:00+03:00,1177,1.0,4,target,2.99,ok,
CVKMD,7538,2023-04-13 09:00:00+03:00,2026-04-24 18:00:00+03:00,1107,1.0,4,target,2.85,ok,
CWENE,7384,2023-05-05 09:00:00+03:00,2026-04-24 18:00:00+03:00,1085,0.9909,5,no_progress,3.46,ok,
DAGI,8000,2023-02-02 15:00:00+03:00,2026-04-24 18:00:00+03:00,1177,1.0,4,target,2.87,ok,
DAPGM,8000,2023-01-31 17:00:00+03:00,2026-04-24 18:00:00+03:00,1179,1.0,4,target,2.8,ok,
DARDL,8000,2023-02-02 16:00:00+03:00,2026-04-24 18:00:00+03:00,1177,1.0,4,target,2.89,ok,
DCTTR,4356,2024-07-31 09:00:00+03:00,2026-04-24 18:00:00+03:00,632,0.5772,4,no_progress,2.81,ok,
DENGE,8000,2023-02-01 16:00:00+03:00,2026-04-24 18:00:00+03:00,1178,1.0,4,target,2.7,ok,
DERHL,8000,2023-02-02 15:00:00+03:00,2026-04-24 18:00:00+03:00,1177,1.0,4,target,2.92,ok,
DERIM,8000,2023-02-02 15:00:00+03:00,2026-04-24 18:00:00+03:00,1177,1.0,4,target,2.93,ok,
DESA,8000,2023-02-01 16:00:00+03:00,2026-04-24 18:00:00+03:00,1178,1.0,4,target,2.83,ok,
DESPC,8000,2023-02-01 12:00:00+03:00,2026-04-24 18:00:00+03:00,1178,1.0,4,target,2.75,ok,
DEVA,8000,2023-02-02 17:00:00+03:00,2026-04-24 18:00:00+03:00,1177,1.0,4,target,2.92,ok,
DGATE,8000,2023-02-02 15:00:00+03:00,2026-04-24 18:00:00+03:00,1177,1.0,4,target,2.81,ok,
DGGYO,8000,2023-01-31 16:00:00+03:00,2026-04-24 18:00:00+03:00,1179,1.0,4,target,2.79,ok,
DGNMO,8000,2023-01-30 16:00:00+03:00,2026-04-24 18:00:00+03:00,1180,1.0,4,target,2.66,ok,
DIRIT,4000,2023-01-25 12:00:00+03:00,2026-04-24 18:00:00+03:00,1185,1.0,2,target,1.67,ok,
DITAS,8000,2023-02-02 12:00:00+03:00,2026-04-24 18:00:00+03:00,1177,1.0,4,target,2.77,ok,
DMRGD,6430,2023-09-29 09:00:00+03:00,2026-04-24 18:00:00+03:00,938,0.8566,5,no_progress,3.54,ok,
DMSAS,8000,2023-02-02 16:00:00+03:00,2026-04-24 18:00:00+03:00,1177,1.0,4,target,2.95,ok,
DNISI,8000,2023-01-31 16:00:00+03:00,2026-04-24 18:00:00+03:00,1179,1.0,4,target,3.05,ok,
DOAS,8000,2023-02-02 17:00:00+03:00,2026-04-24 18:00:00+03:00,1177,1.0,4,target,2.99,ok,
DOCO,8000,2023-01-27 13:00:00+03:00,2026-04-24 18:00:00+03:00,1183,1.0,4,target,2.84,ok,
DOFER,6310,2023-10-16 09:00:00+03:00,2026-04-24 18:00:00+03:00,921,0.8411,5,no_progress,3.33,ok,
DOFRB,1539,2025-09-11 09:00:00+03:00,2026-04-24 18:00:00+03:00,225,0.2055,2,no_progress,1.21,ok,
DOGUB,8000,2023-02-01 13:00:00+03:00,2026-04-24 18:00:00+03:00,1178,1.0,4,target,2.91,ok,
DOHOL,8000,2023-02-02 17:00:00+03:00,2026-04-24 18:00:00+03:00,1177,1.0,4,target,2.85,ok,
DOKTA,8000,2023-02-02 14:00:00+03:00,2026-04-24 18:00:00+03:00,1177,1.0,4,target,2.88,ok,
DSTKF,3022,2025-02-06 09:00:00+03:00,2026-04-24 18:00:00+03:00,442,0.4037,3,no_progress,2.09,ok,
DUNYH,8000,2023-01-03 09:00:00+03:00,2026-04-24 18:00:00+03:00,1207,1.0,4,target,2.89,ok,
DURDO,8000,2023-01-18 13:00:00+03:00,2026-04-24 18:00:00+03:00,1192,1.0,4,target,2.81,ok,
DURKN,4026,2024-09-17 09:00:00+03:00,2026-04-24 18:00:00+03:00,584,0.5333,4,no_progress,2.73,ok,
DYOBY,8000,2023-01-30 14:00:00+03:00,2026-04-24 18:00:00+03:00,1180,1.0,4,target,2.9,ok,
DZGYO,8000,2023-02-02 17:00:00+03:00,2026-04-24 18:00:00+03:00,1177,1.0,4,target,2.88,ok,
EBEBK,6590,2023-09-07 09:00:00+03:00,2026-04-24 18:00:00+03:00,960,0.8767,5,no_progress,3.34,ok,
ECILC,8000,2023-02-02 17:00:00+03:00,2026-04-24 18:00:00+03:00,1177,1.0,4,target,2.85,ok,
ECOGR,1214,2025-11-03 09:00:00+03:00,2026-04-24 18:00:00+03:00,172,0.1571,2,no_progress,1.33,ok,
ECZYT,8000,2023-02-02 17:00:00+03:00,2026-04-24 18:00:00+03:00,1177,1.0,4,target,2.8,ok,
EDATA,8000,2023-01-31 17:00:00+03:00,2026-04-24 18:00:00+03:00,1179,1.0,4,target,2.9,ok,
EDIP,8000,2023-01-17 11:00:00+03:00,2026-04-24 18:00:00+03:00,1193,1.0,4,target,2.89,ok,
EFOR,4502,2024-07-05 09:00:00+03:00,2026-04-24 18:00:00+03:00,658,0.6009,4,no_progress,2.74,ok,
EGEEN,8000,2023-02-02 17:00:00+03:00,2026-04-24 18:00:00+03:00,1177,1.0,4,target,2.78,ok,
EGEGY,3202,2025-01-14 09:00:00+03:00,2026-04-24 18:00:00+03:00,465,0.4247,3,no_progress,2.17,ok,
EGEPO,8000,2023-02-02 17:00:00+03:00,2026-04-24 18:00:00+03:00,1177,1.0,4,target,2.85,ok,
EGGUB,8000,2023-02-02 15:00:00+03:00,2026-04-24 18:00:00+03:00,1177,1.0,4,target,2.8,ok,
EGPRO,8000,2023-02-02 17:00:00+03:00,2026-04-24 18:00:00+03:00,1177,1.0,4,target,2.78,ok,
EGSER,8000,2023-02-01 17:00:00+03:00,2026-04-24 18:00:00+03:00,1178,1.0,4,target,2.79,ok,
EKGYO,8000,2023-02-02 17:00:00+03:00,2026-04-24 18:00:00+03:00,1177,1.0,4,target,2.87,ok,
EKIZ,4000,2023-01-26 17:00:00+03:00,2026-04-24 18:00:00+03:00,1184,1.0,2,target,1.36,ok,
EKOS,6060,2023-11-21 09:00:00+03:00,2026-04-24 18:00:00+03:00,885,0.8082,5,no_progress,3.27,ok,
EKSUN,7698,2023-03-24 09:00:00+03:00,2026-04-24 18:00:00+03:00,1127,1.0,4,target,2.7,ok,
ELITE,8000,2023-02-01 16:00:00+03:00,2026-04-24 18:00:00+03:00,1178,1.0,4,target,2.99,ok,
EMKEL,8000,2023-02-02 14:00:00+03:00,2026-04-24 18:00:00+03:00,1177,1.0,4,target,2.88,ok,
EMNIS,4000,2023-02-02 09:00:00+03:00,2026-04-24 18:00:00+03:00,1177,1.0,2,target,1.33,ok,
EMPAE,394,2026-02-26 09:00:00+03:00,2026-04-24 18:00:00+03:00,57,0.0521,2,no_progress,1.16,ok,
ENDAE,2982,2025-02-13 09:00:00+03:00,2026-04-24 18:00:00+03:00,435,0.3973,3,no_progress,2.02,ok,
ENERY,6690,2023-08-23 09:00:00+03:00,2026-04-24 18:00:00+03:00,975,0.8904,5,no_progress,3.3,ok,
ENJSA,8000,2023-02-02 17:00:00+03:00,2026-04-24 18:00:00+03:00,1177,1.0,4,target,2.85,ok,
ENKAI,8000,2023-02-02 17:00:00+03:00,2026-04-24 18:00:00+03:00,1177,1.0,4,target,2.76,ok,
ENPRA,50,2026-04-10 09:00:00+03:00,2026-04-24 18:00:00+03:00,14,0.0128,2,no_progress,1.04,ok,
ENSRI,8000,2023-01-18 12:00:00+03:00,2026-04-24 18:00:00+03:00,1192,1.0,4,target,2.77,ok,
ENTRA,5090,2024-04-04 09:00:00+03:00,2026-04-24 18:00:00+03:00,750,0.6849,4,no_progress,2.86,ok,
EPLAS,8000,2023-02-02 15:00:00+03:00,2026-04-24 18:00:00+03:00,1177,1.0,4,target,2.36,ok,
ERBOS,8000,2023-02-02 17:00:00+03:00,2026-04-24 18:00:00+03:00,1177,1.0,4,target,2.74,ok,
ERCB,8000,2023-02-02 17:00:00+03:00,2026-04-24 18:00:00+03:00,1177,1.0,4,target,2.31,ok,
EREGL,8000,2023-02-02 17:00:00+03:00,2026-04-24 18:00:00+03:00,1177,1.0,4,target,2.25,ok,
ERSU,8000,2023-01-17 16:00:00+03:00,2026-04-24 18:00:00+03:00,1193,1.0,4,target,2.34,ok,
ESCAR,8000,2023-02-02 15:00:00+03:00,2026-04-24 18:00:00+03:00,1177,1.0,4,target,2.28,ok,
ESCOM,8000,2023-02-02 14:00:00+03:00,2026-04-24 18:00:00+03:00,1177,1.0,4,target,2.3,ok,
ESEN,8000,2023-02-01 17:00:00+03:00,2026-04-24 18:00:00+03:00,1178,1.0,4,target,2.33,ok,
ETILR,8000,2023-02-02 17:00:00+03:00,2026-04-24 18:00:00+03:00,1177,1.0,4,target,2.34,ok,
ETYAT,8000,2023-02-02 10:00:00+03:00,2026-04-24 18:00:00+03:00,1177,1.0,4,target,2.24,ok,
EUHOL,6000,2023-01-30 17:00:00+03:00,2026-04-24 18:00:00+03:00,1180,1.0,3,target,1.65,ok,
EUKYO,8000,2022-12-01 16:00:00+03:00,2026-04-24 18:00:00+03:00,1240,1.0,4,target,2.37,ok,
EUPWR,7508,2023-04-20 09:00:00+03:00,2026-04-24 18:00:00+03:00,1100,1.0,4,target,2.6,ok,
EUREN,8000,2023-02-01 15:00:00+03:00,2026-04-24 18:00:00+03:00,1178,1.0,4,target,2.3,ok,
EUYO,8000,2023-01-02 11:00:00+03:00,2026-04-24 18:00:00+03:00,1208,1.0,4,target,2.31,ok,
EYGYO,8000,2023-01-31 17:00:00+03:00,2026-04-24 18:00:00+03:00,1179,1.0,4,target,2.31,ok,
FADE,8000,2023-02-01 16:00:00+03:00,2026-04-24 18:00:00+03:00,1178,1.0,4,target,2.29,ok,
FENER,8000,2023-02-02 17:00:00+03:00,2026-04-24 18:00:00+03:00,1177,1.0,4,target,2.25,ok,
FLAP,8000,2023-02-02 15:00:00+03:00,2026-04-24 18:00:00+03:00,1177,1.0,4,target,2.28,ok,
FMIZP,8000,2023-02-02 16:00:00+03:00,2026-04-24 18:00:00+03:00,1177,1.0,4,target,2.82,ok,
FONET,8000,2023-01-18 16:00:00+03:00,2026-04-24 18:00:00+03:00,1192,1.0,4,target,2.78,ok,
FORMT,8000,2023-02-02 17:00:00+03:00,2026-04-24 18:00:00+03:00,1177,1.0,4,target,2.78,ok,
FORTE,7154,2023-06-14 09:00:00+03:00,2026-04-24 18:00:00+03:00,1045,0.9543,5,no_progress,3.37,ok,
FRIGO,8000,2023-01-30 17:00:00+03:00,2026-04-24 18:00:00+03:00,1180,1.0,4,target,2.89,ok,
FRMPL,674,2026-01-15 09:00:00+03:00,2026-04-24 18:00:00+03:00,99,0.0904,2,no_progress,1.19,ok,
FROTO,8000,2023-02-02 16:00:00+03:00,2026-04-24 18:00:00+03:00,1177,1.0,4,target,2.75,ok,
FZLGY,6860,2023-07-28 09:00:00+03:00,2026-04-24 18:00:00+03:00,1001,0.9142,5,no_progress,3.32,ok,
GARAN,8000,2023-02-02 17:00:00+03:00,2026-04-24 18:00:00+03:00,1177,1.0,4,target,2.66,ok,
GARFA,8000,2023-02-02 14:00:00+03:00,2026-04-24 18:00:00+03:00,1177,1.0,4,target,2.83,ok,
GATEG,4000,2023-02-02 12:00:00+03:00,2026-04-24 18:00:00+03:00,1177,1.0,2,target,1.31,ok,
GEDIK,8000,2023-02-02 16:00:00+03:00,2026-04-24 18:00:00+03:00,1177,1.0,4,target,2.73,ok,
GEDZA,8000,2023-02-02 16:00:00+03:00,2026-04-24 18:00:00+03:00,1177,1.0,4,target,2.81,ok,
GENIL,8000,2023-02-02 17:00:00+03:00,2026-04-24 18:00:00+03:00,1177,1.0,4,target,2.84,ok,
GENKM,334,2026-03-06 09:00:00+03:00,2026-04-24 18:00:00+03:00,49,0.0447,2,no_progress,1.06,ok,
GENTS,8000,2023-02-01 16:00:00+03:00,2026-04-24 18:00:00+03:00,1178,1.0,4,target,2.8,ok,
GEREL,8000,2023-02-02 16:00:00+03:00,2026-04-24 18:00:00+03:00,1177,1.0,4,target,2.76,ok,
GESAN,8000,2023-02-02 17:00:00+03:00,2026-04-24 18:00:00+03:00,1177,1.0,4,target,2.31,ok,
GIPTA,6530,2023-09-14 09:00:00+03:00,2026-04-24 18:00:00+03:00,953,0.8703,5,no_progress,3.15,ok,
GLBMD,8000,2023-02-01 18:00:00+03:00,2026-04-24 18:00:00+03:00,1178,1.0,4,target,2.75,ok,
GLCVY,8000,2023-02-02 17:00:00+03:00,2026-04-24 18:00:00+03:00,1177,1.0,4,target,2.37,ok,
GLRMK,3172,2025-01-17 09:00:00+03:00,2026-04-24 18:00:00+03:00,462,0.4219,3,no_progress,1.67,ok,
GLRYH,8000,2023-02-02 17:00:00+03:00,2026-04-24 18:00:00+03:00,1177,1.0,4,target,2.6,ok,
GLYHO,8000,2023-01-30 17:00:00+03:00,2026-04-24 18:00:00+03:00,1180,1.0,4,target,2.69,ok,
GMTAS,8000,2023-02-02 17:00:00+03:00,2026-04-24 18:00:00+03:00,1177,1.0,4,target,2.31,ok,
GOKNR,7779,2023-03-09 09:00:00+03:00,2026-04-24 18:00:00+03:00,1142,1.0,4,target,2.63,ok,
GOLTS,8000,2023-01-31 16:00:00+03:00,2026-04-24 18:00:00+03:00,1179,1.0,4,target,2.85,ok,
GOODY,8000,2023-02-02 17:00:00+03:00,2026-04-24 18:00:00+03:00,1177,1.0,4,target,2.29,ok,
GOZDE,8000,2023-02-02 17:00:00+03:00,2026-04-24 18:00:00+03:00,1177,1.0,4,target,2.57,ok,
GRNYO,8000,2023-01-16 18:00:00+03:00,2026-04-24 18:00:00+03:00,1194,1.0,4,target,2.45,ok,
GRSEL,8000,2023-02-01 16:00:00+03:00,2026-04-24 18:00:00+03:00,1178,1.0,4,target,2.32,ok,
GRTHO,7472,2023-04-26 09:00:00+03:00,2026-04-24 18:00:00+03:00,1094,0.9991,4,target,2.22,ok,
GSDDE,8000,2023-01-27 16:00:00+03:00,2026-04-24 18:00:00+03:00,1183,1.0,4,target,2.39,ok,
GSDHO,8000,2023-02-02 17:00:00+03:00,2026-04-24 18:00:00+03:00,1177,1.0,4,target,2.91,ok,
GSRAY,8000,2023-02-02 17:00:00+03:00,2026-04-24 18:00:00+03:00,1177,1.0,4,target,2.32,ok,
GUBRF,8000,2023-01-30 17:00:00+03:00,2026-04-24 18:00:00+03:00,1180,1.0,4,target,2.86,ok,
GUNDG,4066,2024-08-22 09:00:00+03:00,2026-04-24 18:00:00+03:00,610,0.5571,4,no_progress,2.89,ok,
GWIND,8000,2023-02-02 17:00:00+03:00,2026-04-24 18:00:00+03:00,1177,1.0,4,target,3.14,ok,
GZNMI,8000,2023-02-01 14:00:00+03:00,2026-04-24 18:00:00+03:00,1178,1.0,4,target,2.86,ok,
HALKB,8000,2023-02-02 17:00:00+03:00,2026-04-24 18:00:00+03:00,1177,1.0,4,target,3.02,ok,
HATEK,8000,2023-01-30 12:00:00+03:00,2026-04-24 18:00:00+03:00,1180,1.0,4,target,2.8,ok,
HATSN,6470,2023-09-22 09:00:00+03:00,2026-04-24 18:00:00+03:00,945,0.863,5,no_progress,3.41,ok,
HDFGS,8000,2023-01-30 18:00:00+03:00,2026-04-24 18:00:00+03:00,1180,1.0,4,target,2.95,ok,
HEDEF,8000,2023-02-02 17:00:00+03:00,2026-04-24 18:00:00+03:00,1177,1.0,4,target,2.85,ok,
HEKTS,8000,2023-02-01 16:00:00+03:00,2026-04-24 18:00:00+03:00,1178,1.0,4,target,2.94,ok,
HKTM,8000,2023-01-30 18:00:00+03:00,2026-04-24 18:00:00+03:00,1180,1.0,4,target,3.03,ok,
HLGYO,8000,2023-02-01 17:00:00+03:00,2026-04-24 18:00:00+03:00,1178,1.0,4,target,2.97,ok,
HOROZ,4685,2024-06-07 09:00:00+03:00,2026-04-24 18:00:00+03:00,686,0.6265,4,no_progress,2.79,ok,
HRKET,4796,2024-05-23 09:00:00+03:00,2026-04-24 18:00:00+03:00,701,0.6402,4,no_progress,2.74,ok,
HTTBT,8000,2023-02-02 16:00:00+03:00,2026-04-24 18:00:00+03:00,1177,1.0,4,target,3.14,ok,
HUBVC,8000,2023-02-01 16:00:00+03:00,2026-04-24 18:00:00+03:00,1178,1.0,4,target,3.07,ok,
HUNER,8000,2023-02-01 17:00:00+03:00,2026-04-24 18:00:00+03:00,1178,1.0,4,target,2.34,ok,
HURGZ,8000,2023-02-02 15:00:00+03:00,2026-04-24 18:00:00+03:00,1177,1.0,4,target,2.27,ok,
ICBCT,8000,2023-02-02 17:00:00+03:00,2026-04-24 18:00:00+03:00,1177,1.0,4,target,2.66,ok,
ICUGS,8000,2023-02-02 10:00:00+03:00,2026-04-24 18:00:00+03:00,1177,1.0,4,target,2.24,ok,
IDGYO,8000,2023-01-18 15:00:00+03:00,2026-04-24 18:00:00+03:00,1192,1.0,4,target,2.17,ok,
IEYHO,8000,2023-02-02 16:00:00+03:00,2026-04-24 18:00:00+03:00,1177,1.0,4,target,2.62,ok,
IHAAS,8000,2023-02-02 09:00:00+03:00,2026-04-24 18:00:00+03:00,1177,1.0,4,target,2.21,ok,
IHEVA,8000,2023-02-02 17:00:00+03:00,2026-04-24 18:00:00+03:00,1177,1.0,4,target,2.24,ok,
IHGZT,8000,2023-01-30 18:00:00+03:00,2026-04-24 18:00:00+03:00,1180,1.0,4,target,2.17,ok,
IHLAS,8000,2023-02-02 17:00:00+03:00,2026-04-24 18:00:00+03:00,1177,1.0,4,target,2.16,ok,
IHLGM,8000,2023-02-02 16:00:00+03:00,2026-04-24 18:00:00+03:00,1177,1.0,4,target,2.29,ok,
IHYAY,8000,2023-01-30 17:00:00+03:00,2026-04-24 18:00:00+03:00,1180,1.0,4,target,2.17,ok,
IMASM,8000,2023-02-02 17:00:00+03:00,2026-04-24 18:00:00+03:00,1177,1.0,4,target,2.52,ok,
INDES,8000,2023-02-01 17:00:00+03:00,2026-04-24 18:00:00+03:00,1178,1.0,4,target,2.89,ok,
INFO,8000,2023-02-02 16:00:00+03:00,2026-04-24 18:00:00+03:00,1177,1.0,4,target,2.25,ok,
INGRM,8000,2023-02-02 09:00:00+03:00,2026-04-24 18:00:00+03:00,1177,1.0,4,target,2.25,ok,
INTEK,4000,2023-02-02 18:00:00+03:00,2026-04-24 18:00:00+03:00,1177,1.0,2,target,1.1,ok,
INTEM,8000,2023-02-01 18:00:00+03:00,2026-04-24 18:00:00+03:00,1178,1.0,4,target,2.11,ok,
INVEO,8000,2023-01-27 18:00:00+03:00,2026-04-24 18:00:00+03:00,1183,1.0,4,target,2.55,ok,
INVES,8000,2023-01-30 12:00:00+03:00,2026-04-24 18:00:00+03:00,1180,1.0,4,target,2.29,ok,
ISBIR,4000,2023-02-03 13:00:00+03:00,2026-04-24 18:00:00+03:00,1176,1.0,2,target,1.37,ok,
ISBTR,4000,2021-05-18 13:00:00+03:00,2026-04-24 18:00:00+03:00,1802,1.0,2,target,1.62,ok,
ISCTR,8000,2023-02-01 17:00:00+03:00,2026-04-24 18:00:00+03:00,1178,1.0,4,target,2.34,ok,
ISDMR,8000,2023-01-26 17:00:00+03:00,2026-04-24 18:00:00+03:00,1184,1.0,4,target,3.0,ok,
ISFIN,8000,2023-02-02 17:00:00+03:00,2026-04-24 18:00:00+03:00,1177,1.0,4,target,2.67,ok,
ISGSY,8000,2023-02-02 15:00:00+03:00,2026-04-24 18:00:00+03:00,1177,1.0,4,target,2.62,ok,
ISGYO,8000,2023-02-02 17:00:00+03:00,2026-04-24 18:00:00+03:00,1177,1.0,4,target,2.26,ok,
ISKPL,8000,2023-02-01 17:00:00+03:00,2026-04-24 18:00:00+03:00,1178,1.0,4,target,2.23,ok,
ISMEN,8000,2023-02-02 17:00:00+03:00,2026-04-24 18:00:00+03:00,1177,1.0,4,target,2.33,ok,
ISSEN,8000,2023-02-02 17:00:00+03:00,2026-04-24 18:00:00+03:00,1177,1.0,4,target,2.61,ok,
ISYAT,8000,2023-02-02 16:00:00+03:00,2026-04-24 18:00:00+03:00,1177,1.0,4,target,3.1,ok,
IZENR,6740,2023-08-16 09:00:00+03:00,2026-04-24 18:00:00+03:00,982,0.8968,5,no_progress,2.89,ok,
IZFAS,8000,2023-02-02 16:00:00+03:00,2026-04-24 18:00:00+03:00,1177,1.0,4,target,2.77,ok,
IZINV,8000,2023-01-17 13:00:00+03:00,2026-04-24 18:00:00+03:00,1193,1.0,4,target,2.74,ok,
IZMDC,8000,2023-02-02 17:00:00+03:00,2026-04-24 18:00:00+03:00,1177,1.0,4,target,2.57,ok,
JANTS,8000,2023-01-27 18:00:00+03:00,2026-04-24 18:00:00+03:00,1183,1.0,4,target,2.56,ok,
KAPLM,8000,2023-02-01 17:00:00+03:00,2026-04-24 18:00:00+03:00,1178,1.0,4,target,2.83,ok,
KAREL,8000,2023-02-02 16:00:00+03:00,2026-04-24 18:00:00+03:00,1177,1.0,4,target,2.3,ok,
KARSN,8000,2023-02-02 17:00:00+03:00,2026-04-24 18:00:00+03:00,1177,1.0,4,target,2.6,ok,
KARTN,8000,2023-01-30 18:00:00+03:00,2026-04-24 18:00:00+03:00,1180,1.0,4,target,2.36,ok,
KATMR,8000,2023-02-01 17:00:00+03:00,2026-04-24 18:00:00+03:00,1178,1.0,4,target,2.31,ok,
KAYSE,7333,2023-05-18 09:00:00+03:00,2026-04-24 18:00:00+03:00,1072,0.979,5,no_progress,3.21,ok,
KBORU,5890,2023-12-14 09:00:00+03:00,2026-04-24 18:00:00+03:00,862,0.7872,4,no_progress,2.62,ok,
KCAER,8000,2023-02-02 17:00:00+03:00,2026-04-24 18:00:00+03:00,1177,1.0,4,target,2.53,ok,
KCHOL,8000,2023-02-02 17:00:00+03:00,2026-04-24 18:00:00+03:00,1177,1.0,4,target,2.34,ok,
KENT,4000,2023-02-01 13:00:00+03:00,2026-04-24 18:00:00+03:00,1178,1.0,2,target,1.67,ok,
KERVN,4000,2023-02-03 13:00:00+03:00,2026-04-24 18:00:00+03:00,1176,1.0,2,target,1.54,ok,
KFEIN,8000,2023-02-01 16:00:00+03:00,2026-04-24 18:00:00+03:00,1178,1.0,4,target,2.79,ok,
KGYO,8000,2023-02-02 16:00:00+03:00,2026-04-24 18:00:00+03:00,1177,1.0,4,target,3.0,ok,
KIMMR,8000,2023-02-02 17:00:00+03:00,2026-04-24 18:00:00+03:00,1177,1.0,4,target,2.73,ok,
KLGYO,8000,2023-02-02 17:00:00+03:00,2026-04-24 18:00:00+03:00,1177,1.0,4,target,2.67,ok,
KLKIM,8000,2023-02-02 17:00:00+03:00,2026-04-24 18:00:00+03:00,1177,1.0,4,target,2.25,ok,
KLMSN,8000,2023-02-02 16:00:00+03:00,2026-04-24 18:00:00+03:00,1177,1.0,4,target,2.73,ok,
KLNMA,4000,2023-02-03 12:00:00+03:00,2026-04-24 18:00:00+03:00,1176,1.0,2,target,1.41,ok,
KLRHO,8000,2023-01-30 13:00:00+03:00,2026-04-24 18:00:00+03:00,1180,1.0,4,target,2.34,ok,
KLSER,6870,2023-07-27 09:00:00+03:00,2026-04-24 18:00:00+03:00,1002,0.9151,5,no_progress,3.35,ok,
KLSYN,8000,2023-02-02 14:00:00+03:00,2026-04-24 18:00:00+03:00,1177,1.0,4,target,2.83,ok,
KLYPV,2982,2025-02-13 09:00:00+03:00,2026-04-24 18:00:00+03:00,435,0.3973,3,no_progress,2.06,ok,
KMPUR,8000,2023-02-01 16:00:00+03:00,2026-04-24 18:00:00+03:00,1178,1.0,4,target,2.82,ok,
KNFRT,8000,2023-02-02 17:00:00+03:00,2026-04-24 18:00:00+03:00,1177,1.0,4,target,2.95,ok,
KOCMT,4836,2024-05-17 09:00:00+03:00,2026-04-24 18:00:00+03:00,707,0.6457,4,no_progress,2.73,ok,
KONKA,8000,2023-02-02 16:00:00+03:00,2026-04-24 18:00:00+03:00,1177,1.0,4,target,2.94,ok,
KONTR,8000,2023-02-02 17:00:00+03:00,2026-04-24 18:00:00+03:00,1177,1.0,4,target,3.07,ok,
KONYA,8000,2023-02-02 15:00:00+03:00,2026-04-24 18:00:00+03:00,1177,1.0,4,target,2.89,ok,
KOPOL,7547,2023-04-13 09:00:00+03:00,2026-04-24 18:00:00+03:00,1107,1.0,4,target,2.82,ok,
KORDS,8000,2023-02-02 17:00:00+03:00,2026-04-24 18:00:00+03:00,1177,1.0,4,target,2.74,ok,
KOTON,4896,2024-05-10 09:00:00+03:00,2026-04-24 18:00:00+03:00,714,0.6521,4,no_progress,2.85,ok,
KRDMA,8000,2023-01-31 17:00:00+03:00,2026-04-24 18:00:00+03:00,1179,1.0,4,target,3.09,ok,
KRDMB,8000,2023-01-31 16:00:00+03:00,2026-04-24 18:00:00+03:00,1179,1.0,4,target,2.81,ok,
KRDMD,8000,2023-02-02 17:00:00+03:00,2026-04-24 18:00:00+03:00,1177,1.0,4,target,2.95,ok,
KRGYO,8000,2023-02-02 09:00:00+03:00,2026-04-24 18:00:00+03:00,1177,1.0,4,target,2.84,ok,
KRONT,8000,2023-02-02 17:00:00+03:00,2026-04-24 18:00:00+03:00,1177,1.0,4,target,2.9,ok,
KRPLS,8000,2023-01-30 17:00:00+03:00,2026-04-24 18:00:00+03:00,1180,1.0,4,target,2.97,ok,
KRSTL,8000,2023-02-02 17:00:00+03:00,2026-04-24 18:00:00+03:00,1177,1.0,4,target,3.01,ok,
KRTEK,8000,2023-02-02 12:00:00+03:00,2026-04-24 18:00:00+03:00,1177,1.0,4,target,2.99,ok,
KRVGD,8000,2023-01-30 18:00:00+03:00,2026-04-24 18:00:00+03:00,1180,1.0,4,target,2.96,ok,
KSTUR,4000,2023-02-02 17:00:00+03:00,2026-04-24 18:00:00+03:00,1177,1.0,2,target,1.64,ok,
KTLEV,7174,2023-06-12 09:00:00+03:00,2026-04-24 18:00:00+03:00,1047,0.9562,5,no_progress,3.57,ok,
KTSKR,8000,2023-02-02 17:00:00+03:00,2026-04-24 18:00:00+03:00,1177,1.0,4,target,3.0,ok,
KUTPO,8000,2023-02-02 17:00:00+03:00,2026-04-24 18:00:00+03:00,1177,1.0,4,target,3.02,ok,
KUVVA,4000,2023-03-30 12:00:00+03:00,2026-04-24 18:00:00+03:00,1121,1.0,2,target,1.61,ok,
KUYAS,8000,2023-01-27 15:00:00+03:00,2026-04-24 18:00:00+03:00,1183,1.0,4,target,2.98,ok,
KZBGY,8000,2023-02-02 17:00:00+03:00,2026-04-24 18:00:00+03:00,1177,1.0,4,target,3.01,ok,
KZGYO,6650,2023-08-29 09:00:00+03:00,2026-04-24 18:00:00+03:00,969,0.8849,5,no_progress,3.46,ok,
LIDER,8000,2023-02-02 16:00:00+03:00,2026-04-24 18:00:00+03:00,1177,1.0,4,target,2.91,ok,
LIDFA,8000,2023-02-02 17:00:00+03:00,2026-04-24 18:00:00+03:00,1177,1.0,4,target,3.09,ok,
LILAK,4906,2024-05-09 09:00:00+03:00,2026-04-24 18:00:00+03:00,715,0.653,4,no_progress,2.9,ok,
LINK,8000,2023-02-02 14:00:00+03:00,2026-04-24 18:00:00+03:00,1177,1.0,4,target,3.1,ok,
LKMNH,8000,2023-01-30 16:00:00+03:00,2026-04-24 18:00:00+03:00,1180,1.0,4,target,3.13,ok,
LMKDC,5400,2024-02-22 09:00:00+03:00,2026-04-24 18:00:00+03:00,792,0.7233,4,no_progress,2.85,ok,
LOGO,8000,2023-02-02 17:00:00+03:00,2026-04-24 18:00:00+03:00,1177,1.0,4,target,2.98,ok,
LRSHO,8000,2023-02-02 16:00:00+03:00,2026-04-24 18:00:00+03:00,1177,1.0,4,target,2.95,ok,
LUKSK,8000,2023-01-18 11:00:00+03:00,2026-04-24 18:00:00+03:00,1192,1.0,4,target,3.08,ok,
LXGYO,314,2026-03-10 09:00:00+03:00,2026-04-24 18:00:00+03:00,45,0.0411,2,no_progress,1.24,ok,
LYDHO,8000,2023-01-17 13:00:00+03:00,2026-04-24 18:00:00+03:00,1193,1.0,4,target,3.0,ok,
LYDYE,8000,2022-12-13 12:00:00+03:00,2026-04-24 18:00:00+03:00,1228,1.0,4,target,3.0,ok,
MAALT,8000,2023-02-02 12:00:00+03:00,2026-04-24 18:00:00+03:00,1177,1.0,4,target,2.99,ok,
MACKO,8000,2023-01-30 16:00:00+03:00,2026-04-24 18:00:00+03:00,1180,1.0,4,target,2.91,ok,
MAGEN,8000,2023-02-01 16:00:00+03:00,2026-04-24 18:00:00+03:00,1178,1.0,4,target,3.12,ok,
MAKIM,8000,2023-02-01 16:00:00+03:00,2026-04-24 18:00:00+03:00,1178,1.0,4,target,3.01,ok,
MAKTK,8000,2023-02-01 17:00:00+03:00,2026-04-24 18:00:00+03:00,1178,1.0,4,target,2.93,ok,
MANAS,8000,2023-02-01 17:00:00+03:00,2026-04-24 18:00:00+03:00,1178,1.0,4,target,3.0,ok,
MARBL,6150,2023-11-08 09:00:00+03:00,2026-04-24 18:00:00+03:00,898,0.8201,5,no_progress,3.58,ok,
MARKA,8000,2022-10-19 13:00:00+03:00,2026-04-24 18:00:00+03:00,1283,1.0,4,target,3.03,ok,
MARMR,1538,2025-09-16 09:00:00+03:00,2026-04-24 18:00:00+03:00,220,0.2009,2,no_progress,1.23,ok,
MARTI,8000,2023-02-02 17:00:00+03:00,2026-04-24 18:00:00+03:00,1177,1.0,4,target,3.13,ok,
MAVI,8000,2023-01-31 17:00:00+03:00,2026-04-24 18:00:00+03:00,1179,1.0,4,target,3.07,ok,
MCARD,304,2026-03-11 09:00:00+03:00,2026-04-24 18:00:00+03:00,44,0.0402,2,no_progress,1.16,ok,
MEDTR,8000,2023-02-01 16:00:00+03:00,2026-04-24 18:00:00+03:00,1178,1.0,4,target,2.78,ok,
MEGAP,6000,2023-01-17 12:00:00+03:00,2026-04-24 18:00:00+03:00,1193,1.0,3,target,2.25,ok,
MEGMT,5880,2023-12-15 09:00:00+03:00,2026-04-24 18:00:00+03:00,861,0.7863,4,no_progress,2.87,ok,
MEKAG,6340,2023-10-12 09:00:00+03:00,2026-04-24 18:00:00+03:00,925,0.8447,5,no_progress,3.51,ok,
MEPET,8000,2023-02-02 12:00:00+03:00,2026-04-24 18:00:00+03:00,1177,1.0,4,target,3.0,ok,
MERCN,8000,2023-02-02 15:00:00+03:00,2026-04-24 18:00:00+03:00,1177,1.0,4,target,2.84,ok,
MERIT,8000,2023-02-02 16:00:00+03:00,2026-04-24 18:00:00+03:00,1177,1.0,4,target,3.03,ok,
MERKO,8000,2023-02-02 17:00:00+03:00,2026-04-24 18:00:00+03:00,1177,1.0,4,target,3.0,ok,
METRO,8000,2023-02-01 17:00:00+03:00,2026-04-24 18:00:00+03:00,1178,1.0,4,target,3.0,ok,
MEYSU,714,2026-01-13 09:00:00+03:00,2026-04-24 18:00:00+03:00,101,0.0922,2,no_progress,1.12,ok,
MGROS,8000,2023-02-02 17:00:00+03:00,2026-04-24 18:00:00+03:00,1177,1.0,4,target,3.18,ok,
MHRGY,6300,2023-10-18 09:00:00+03:00,2026-04-24 18:00:00+03:00,919,0.8393,5,no_progress,3.57,ok,
MIATK,8000,2023-01-18 16:00:00+03:00,2026-04-24 18:00:00+03:00,1192,1.0,4,target,2.32,ok,
MMCAS,4000,2023-02-01 13:00:00+03:00,2026-04-24 18:00:00+03:00,1178,1.0,2,target,1.61,ok,
MNDRS,8000,2023-02-02 17:00:00+03:00,2026-04-24 18:00:00+03:00,1177,1.0,4,target,2.26,ok,
MNDTR,8000,2023-02-02 17:00:00+03:00,2026-04-24 18:00:00+03:00,1177,1.0,4,target,2.26,ok,
MOBTL,8000,2023-02-02 17:00:00+03:00,2026-04-24 18:00:00+03:00,1177,1.0,4,target,2.28,ok,
MOGAN,5280,2024-03-07 09:00:00+03:00,2026-04-24 18:00:00+03:00,778,0.7105,4,no_progress,2.2,ok,
MOPAS,3052,2025-01-29 09:00:00+03:00,2026-04-24 18:00:00+03:00,450,0.411,3,no_progress,1.65,ok,
MPARK,8000,2023-02-02 17:00:00+03:00,2026-04-24 18:00:00+03:00,1177,1.0,4,target,2.26,ok,
MRGYO,8000,2023-01-30 13:00:00+03:00,2026-04-24 18:00:00+03:00,1180,1.0,4,target,2.54,ok,
MRSHL,8000,2023-01-18 12:00:00+03:00,2026-04-24 18:00:00+03:00,1192,1.0,4,target,2.71,ok,
MSGYO,8000,2023-02-02 13:00:00+03:00,2026-04-24 18:00:00+03:00,1177,1.0,4,target,2.36,ok,
MTRKS,8000,2023-02-02 17:00:00+03:00,2026-04-24 18:00:00+03:00,1177,1.0,4,target,2.72,ok,
MTRYO,8000,2023-01-31 12:00:00+03:00,2026-04-24 18:00:00+03:00,1179,1.0,4,target,2.56,ok,
MZHLD,8000,2023-02-02 12:00:00+03:00,2026-04-24 18:00:00+03:00,1177,1.0,4,target,2.71,ok,
NATEN,8000,2023-01-31 17:00:00+03:00,2026-04-24 18:00:00+03:00,1179,1.0,4,target,2.4,ok,
NETAS,8000,2023-02-02 17:00:00+03:00,2026-04-24 18:00:00+03:00,1177,1.0,4,target,2.54,ok,
NETCD,544,2026-02-05 09:00:00+03:00,2026-04-24 18:00:00+03:00,78,0.0712,2,no_progress,0.98,ok,
NIBAS,8000,2023-01-27 14:00:00+03:00,2026-04-24 18:00:00+03:00,1183,1.0,4,target,2.44,ok,
NTGAZ,8000,2023-02-02 17:00:00+03:00,2026-04-24 18:00:00+03:00,1177,1.0,4,target,2.67,ok,
NTHOL,8000,2023-01-31 17:00:00+03:00,2026-04-24 18:00:00+03:00,1179,1.0,4,target,2.88,ok,
NUGYO,8000,2023-02-01 17:00:00+03:00,2026-04-24 18:00:00+03:00,1178,1.0,4,target,2.84,ok,
NUHCM,8000,2023-02-01 16:00:00+03:00,2026-04-24 18:00:00+03:00,1178,1.0,4,target,3.03,ok,
OBAMS,5330,2024-03-01 09:00:00+03:00,2026-04-24 18:00:00+03:00,784,0.716,4,no_progress,2.79,ok,
OBASE,8000,2023-02-02 16:00:00+03:00,2026-04-24 18:00:00+03:00,1177,1.0,4,target,3.07,ok,
ODAS,8000,2023-02-02 17:00:00+03:00,2026-04-24 18:00:00+03:00,1177,1.0,4,target,2.81,ok,
ODINE,5200,2024-03-21 09:00:00+03:00,2026-04-24 18:00:00+03:00,764,0.6977,4,no_progress,2.78,ok,
OFSYM,6739,2023-08-16 09:00:00+03:00,2026-04-24 18:00:00+03:00,982,0.8968,5,no_progress,3.57,ok,
ONCSM,8000,2023-01-30 15:00:00+03:00,2026-04-24 18:00:00+03:00,1180,1.0,4,target,3.15,ok,
ONRYT,4776,2024-05-28 09:00:00+03:00,2026-04-24 18:00:00+03:00,696,0.6356,4,no_progress,2.72,ok,
ORCAY,8000,2023-02-02 14:00:00+03:00,2026-04-24 18:00:00+03:00,1177,1.0,4,target,3.12,ok,
ORGE,8000,2023-02-02 17:00:00+03:00,2026-04-24 18:00:00+03:00,1177,1.0,4,target,2.87,ok,
ORMA,4000,2023-02-03 12:00:00+03:00,2026-04-24 18:00:00+03:00,1176,1.0,2,target,1.7,ok,
OSMEN,8000,2023-02-02 11:00:00+03:00,2026-04-24 18:00:00+03:00,1177,1.0,4,target,2.86,ok,
OSTIM,8000,2023-02-01 13:00:00+03:00,2026-04-24 18:00:00+03:00,1178,1.0,4,target,3.11,ok,
OTKAR,8000,2023-02-02 17:00:00+03:00,2026-04-24 18:00:00+03:00,1177,1.0,4,target,2.75,ok,
OTTO,6000,2022-11-21 18:00:00+03:00,2026-04-24 18:00:00+03:00,1250,1.0,3,target,2.27,ok,
OYAKC,8000,2023-02-02 17:00:00+03:00,2026-04-24 18:00:00+03:00,1177,1.0,4,target,3.07,ok,
OYAYO,8000,2023-01-20 13:00:00+03:00,2026-04-24 18:00:00+03:00,1190,1.0,4,target,3.07,ok,
OYLUM,8000,2023-02-02 15:00:00+03:00,2026-04-24 18:00:00+03:00,1177,1.0,4,target,2.98,ok,
OYYAT,8000,2023-02-02 15:00:00+03:00,2026-04-24 18:00:00+03:00,1177,1.0,4,target,2.88,ok,
OZATD,4106,2024-09-05 09:00:00+03:00,2026-04-24 18:00:00+03:00,596,0.5443,4,no_progress,2.78,ok,
OZGYO,8000,2023-02-02 16:00:00+03:00,2026-04-24 18:00:00+03:00,1177,1.0,4,target,3.18,ok,
OZKGY,8000,2023-02-02 14:00:00+03:00,2026-04-24 18:00:00+03:00,1177,1.0,4,target,2.9,ok,
OZRDN,8000,2023-02-02 11:00:00+03:00,2026-04-24 18:00:00+03:00,1177,1.0,4,target,3.03,ok,
OZSUB,8000,2023-01-30 17:00:00+03:00,2026-04-24 18:00:00+03:00,1180,1.0,4,target,2.87,ok,
OZYSR,4765,2024-05-29 09:00:00+03:00,2026-04-24 18:00:00+03:00,695,0.6347,4,no_progress,2.92,ok,
PAGYO,8000,2023-01-27 13:00:00+03:00,2026-04-24 18:00:00+03:00,1183,1.0,4,target,3.2,ok,
PAHOL,1074,2025-11-21 09:00:00+03:00,2026-04-24 18:00:00+03:00,154,0.1406,2,no_progress,1.37,ok,
PAMEL,8000,2023-02-02 12:00:00+03:00,2026-04-24 18:00:00+03:00,1177,1.0,4,target,3.05,ok,
PAPIL,8000,2023-01-31 17:00:00+03:00,2026-04-24 18:00:00+03:00,1179,1.0,4,target,3.07,ok,
PARSN,8000,2023-02-01 17:00:00+03:00,2026-04-24 18:00:00+03:00,1178,1.0,4,target,3.03,ok,
PASEU,7154,2023-06-14 09:00:00+03:00,2026-04-24 18:00:00+03:00,1045,0.9543,5,no_progress,3.13,ok,
PATEK,5460,2024-02-13 09:00:00+03:00,2026-04-24 18:00:00+03:00,801,0.7315,4,no_progress,2.62,ok,
PCILT,8000,2023-02-02 13:00:00+03:00,2026-04-24 18:00:00+03:00,1177,1.0,4,target,2.84,ok,
PEKGY,8000,2023-01-18 12:00:00+03:00,2026-04-24 18:00:00+03:00,1192,1.0,4,target,2.87,ok,
PENGD,8000,2023-02-01 16:00:00+03:00,2026-04-24 18:00:00+03:00,1178,1.0,4,target,2.55,ok,
PENTA,8000,2023-02-02 17:00:00+03:00,2026-04-24 18:00:00+03:00,1177,1.0,4,target,2.83,ok,
PETKM,8000,2023-02-02 17:00:00+03:00,2026-04-24 18:00:00+03:00,1177,1.0,4,target,2.81,ok,
PETUN,8000,2023-02-02 16:00:00+03:00,2026-04-24 18:00:00+03:00,1177,1.0,4,target,3.3,ok,
PGSUS,8000,2023-02-01 17:00:00+03:00,2026-04-24 18:00:00+03:00,1178,1.0,4,target,2.61,ok,
PINSU,8000,2023-02-02 17:00:00+03:00,2026-04-24 18:00:00+03:00,1177,1.0,4,target,2.85,ok,
PKART,8000,2023-01-30 10:00:00+03:00,2026-04-24 18:00:00+03:00,1180,1.0,4,target,2.81,ok,
PKENT,8000,2023-02-02 16:00:00+03:00,2026-04-24 18:00:00+03:00,1177,1.0,4,target,2.65,ok,
PLTUR,8000,2023-02-02 17:00:00+03:00,2026-04-24 18:00:00+03:00,1177,1.0,4,target,2.68,ok,
PNLSN,8000,2023-02-02 16:00:00+03:00,2026-04-24 18:00:00+03:00,1177,1.0,4,target,2.77,ok,
PNSUT,8000,2023-02-02 15:00:00+03:00,2026-04-24 18:00:00+03:00,1177,1.0,4,target,2.99,ok,
POLHO,8000,2023-01-30 16:00:00+03:00,2026-04-24 18:00:00+03:00,1180,1.0,4,target,2.88,ok,
POLTK,8000,2023-01-30 15:00:00+03:00,2026-04-24 18:00:00+03:00,1180,1.0,4,target,2.92,ok,
PRDGS,8000,2023-02-02 17:00:00+03:00,2026-04-24 18:00:00+03:00,1177,1.0,4,target,3.15,ok,
PRKAB,8000,2023-02-02 17:00:00+03:00,2026-04-24 18:00:00+03:00,1177,1.0,4,target,3.09,ok,
PRKME,8000,2023-02-02 15:00:00+03:00,2026-04-24 18:00:00+03:00,1177,1.0,4,target,3.01,ok,
PRZMA,8000,2023-02-02 16:00:00+03:00,2026-04-24 18:00:00+03:00,1177,1.0,4,target,3.15,ok,
PSDTC,8000,2023-01-31 17:00:00+03:00,2026-04-24 18:00:00+03:00,1179,1.0,4,target,2.89,ok,
PSGYO,8000,2023-02-02 17:00:00+03:00,2026-04-24 18:00:00+03:00,1177,1.0,4,target,2.99,ok,
QNBFK,4000,2023-02-01 13:00:00+03:00,2026-04-24 18:00:00+03:00,1178,1.0,2,target,1.8,ok,
QNBTR,4000,2023-01-17 09:00:00+03:00,2026-04-24 18:00:00+03:00,1193,1.0,2,target,1.59,ok,
QUAGR,8000,2023-02-02 17:00:00+03:00,2026-04-24 18:00:00+03:00,1177,1.0,4,target,3.17,ok,
RALYH,8000,2023-02-02 17:00:00+03:00,2026-04-24 18:00:00+03:00,1177,1.0,4,target,3.11,ok,
RAYSG,8000,2023-02-02 14:00:00+03:00,2026-04-24 18:00:00+03:00,1177,1.0,4,target,2.88,ok,
REEDR,6490,2023-09-21 09:00:00+03:00,2026-04-24 18:00:00+03:00,946,0.8639,5,no_progress,3.61,ok,
RGYAS,4976,2024-04-26 09:00:00+03:00,2026-04-24 18:00:00+03:00,728,0.6648,4,no_progress,2.81,ok,
RNPOL,8000,2023-02-02 16:00:00+03:00,2026-04-24 18:00:00+03:00,1177,1.0,4,target,2.85,ok,
RODRG,8000,2023-01-12 17:00:00+03:00,2026-04-24 18:00:00+03:00,1198,1.0,4,target,3.1,ok,
RTALB,8000,2023-01-31 17:00:00+03:00,2026-04-24 18:00:00+03:00,1179,1.0,4,target,2.94,ok,
RUBNS,8000,2023-02-01 17:00:00+03:00,2026-04-24 18:00:00+03:00,1178,1.0,4,target,2.67,ok,
RUZYE,8000,2023-02-01 15:00:00+03:00,2026-04-24 18:00:00+03:00,1178,1.0,4,target,2.46,ok,
RYGYO,8000,2023-02-01 16:00:00+03:00,2026-04-24 18:00:00+03:00,1178,1.0,4,target,2.88,ok,
RYSAS,8000,2023-02-01 16:00:00+03:00,2026-04-24 18:00:00+03:00,1178,1.0,4,target,2.73,ok,
SAFKR,8000,2023-02-02 15:00:00+03:00,2026-04-24 18:00:00+03:00,1177,1.0,4,target,3.03,ok,
SAHOL,8000,2023-02-01 17:00:00+03:00,2026-04-24 18:00:00+03:00,1178,1.0,4,target,2.46,ok,
SAMAT,8000,2023-01-19 11:00:00+03:00,2026-04-24 18:00:00+03:00,1191,1.0,4,target,2.97,ok,
SANEL,8000,2023-01-03 12:00:00+03:00,2026-04-24 18:00:00+03:00,1207,1.0,4,target,2.7,ok,
SANFM,8000,2023-02-02 15:00:00+03:00,2026-04-24 18:00:00+03:00,1177,1.0,4,target,3.25,ok,
SANKO,8000,2023-02-01 14:00:00+03:00,2026-04-24 18:00:00+03:00,1178,1.0,4,target,3.03,ok,
SARKY,8000,2023-02-02 17:00:00+03:00,2026-04-24 18:00:00+03:00,1177,1.0,4,target,2.8,ok,
SASA,8000,2023-02-01 14:00:00+03:00,2026-04-24 18:00:00+03:00,1178,1.0,4,target,2.55,ok,
SAYAS,8000,2023-02-02 17:00:00+03:00,2026-04-24 18:00:00+03:00,1177,1.0,4,target,2.86,ok,
SDTTR,8000,2023-02-02 17:00:00+03:00,2026-04-24 18:00:00+03:00,1177,1.0,4,target,2.52,ok,
SEGMN,4536,2024-07-04 09:00:00+03:00,2026-04-24 18:00:00+03:00,659,0.6018,4,no_progress,2.51,ok,
SEGYO,8000,2023-02-01 17:00:00+03:00,2026-04-24 18:00:00+03:00,1178,1.0,4,target,2.94,ok,
SEKFK,8000,2023-02-02 16:00:00+03:00,2026-04-24 18:00:00+03:00,1177,1.0,4,target,2.99,ok,
SEKUR,8000,2023-02-02 13:00:00+03:00,2026-04-24 18:00:00+03:00,1177,1.0,4,target,3.08,ok,
SELEC,8000,2023-02-02 17:00:00+03:00,2026-04-24 18:00:00+03:00,1177,1.0,4,target,2.81,ok,
SELVA,8000,2023-01-18 17:00:00+03:00,2026-04-24 18:00:00+03:00,1192,1.0,4,target,3.12,ok,
SERNT,3042,2025-02-04 09:00:00+03:00,2026-04-24 18:00:00+03:00,444,0.4055,3,no_progress,2.2,ok,
SEYKM,8000,2023-02-01 16:00:00+03:00,2026-04-24 18:00:00+03:00,1178,1.0,4,target,3.14,ok,
SILVR,8000,2023-02-02 15:00:00+03:00,2026-04-24 18:00:00+03:00,1177,1.0,4,target,3.06,ok,
SISE,8000,2023-01-30 17:00:00+03:00,2026-04-24 18:00:00+03:00,1180,1.0,4,target,2.99,ok,
SKBNK,8000,2023-01-27 17:00:00+03:00,2026-04-24 18:00:00+03:00,1183,1.0,4,target,2.89,ok,
SKTAS,8000,2023-01-31 15:00:00+03:00,2026-04-24 18:00:00+03:00,1179,1.0,4,target,2.78,ok,
SKYLP,8000,2023-01-17 17:00:00+03:00,2026-04-24 18:00:00+03:00,1193,1.0,4,target,3.07,ok,
SKYMD,5949,2023-12-06 09:00:00+03:00,2026-04-24 18:00:00+03:00,870,0.7945,4,no_progress,2.78,ok,
SMART,8000,2023-02-02 16:00:00+03:00,2026-04-24 18:00:00+03:00,1177,1.0,4,target,3.06,ok,
SMRTG,8000,2023-02-02 17:00:00+03:00,2026-04-24 18:00:00+03:00,1177,1.0,4,target,3.1,ok,
SMRVA,3286,2024-12-18 09:00:00+03:00,2026-04-24 18:00:00+03:00,492,0.4493,3,no_progress,2.07,ok,
SNGYO,8000,2023-02-02 17:00:00+03:00,2026-04-24 18:00:00+03:00,1177,1.0,4,target,2.96,ok,
SNICA,8000,2023-01-31 14:00:00+03:00,2026-04-24 18:00:00+03:00,1179,1.0,4,target,2.91,ok,
SNPAM,4000,2023-01-30 18:00:00+03:00,2026-04-24 18:00:00+03:00,1180,1.0,2,target,1.64,ok,
SODSN,4000,2023-02-02 18:00:00+03:00,2026-04-24 18:00:00+03:00,1177,1.0,2,target,1.45,ok,
SOKE,8000,2023-02-02 17:00:00+03:00,2026-04-24 18:00:00+03:00,1177,1.0,4,target,2.94,ok,
SOKM,8000,2023-02-02 17:00:00+03:00,2026-04-24 18:00:00+03:00,1177,1.0,4,target,2.92,ok,
SONME,8000,2023-01-13 16:00:00+03:00,2026-04-24 18:00:00+03:00,1197,1.0,4,target,3.04,ok,
SRVGY,8000,2023-01-31 16:00:00+03:00,2026-04-24 18:00:00+03:00,1179,1.0,4,target,2.78,ok,
SUMAS,4000,2023-02-01 13:00:00+03:00,2026-04-24 18:00:00+03:00,1178,1.0,2,target,1.69,ok,
SUNTK,8000,2023-02-01 15:00:00+03:00,2026-04-24 18:00:00+03:00,1178,1.0,4,target,2.97,ok,
SURGY,5859,2023-12-14 09:00:00+03:00,2026-04-24 18:00:00+03:00,862,0.7872,4,no_progress,2.82,ok,
SUWEN,8000,2023-01-31 14:00:00+03:00,2026-04-24 18:00:00+03:00,1179,1.0,4,target,2.99,ok,
SVGYO,334,2026-03-06 09:00:00+03:00,2026-04-24 18:00:00+03:00,49,0.0447,2,no_progress,1.24,ok,
TABGD,6240,2023-10-26 09:00:00+03:00,2026-04-24 18:00:00+03:00,911,0.832,5,no_progress,3.57,ok,
TARKM,6444,2023-09-12 09:00:00+03:00,2026-04-24 18:00:00+03:00,955,0.8721,5,no_progress,3.5,ok,
TATEN,6730,2023-08-17 09:00:00+03:00,2026-04-24 18:00:00+03:00,981,0.8959,5,no_progress,3.47,ok,
TATGD,8000,2023-01-27 18:00:00+03:00,2026-04-24 18:00:00+03:00,1183,1.0,4,target,2.87,ok,
TAVHL,8000,2023-02-02 17:00:00+03:00,2026-04-24 18:00:00+03:00,1177,1.0,4,target,2.91,ok,
TBORG,6000,2023-02-01 09:00:00+03:00,2026-04-24 18:00:00+03:00,1178,1.0,3,target,2.29,ok,
TCELL,8000,2023-02-02 17:00:00+03:00,2026-04-24 18:00:00+03:00,1177,1.0,4,target,2.75,ok,
TCKRC,4206,2024-08-21 09:00:00+03:00,2026-04-24 18:00:00+03:00,611,0.558,4,no_progress,2.83,ok,
TDGYO,8000,2023-01-16 16:00:00+03:00,2026-04-24 18:00:00+03:00,1194,1.0,4,target,2.8,ok,
TEHOL,8000,2023-01-26 16:00:00+03:00,2026-04-24 18:00:00+03:00,1184,1.0,4,target,2.88,ok,
TEKTU,8000,2023-01-17 11:00:00+03:00,2026-04-24 18:00:00+03:00,1193,1.0,4,target,2.93,ok,
TERA,8000,2023-02-01 16:00:00+03:00,2026-04-24 18:00:00+03:00,1178,1.0,4,target,2.87,ok,
TEZOL,8000,2023-02-01 17:00:00+03:00,2026-04-24 18:00:00+03:00,1178,1.0,4,target,2.93,ok,
TGSAS,8000,2023-01-31 18:00:00+03:00,2026-04-24 18:00:00+03:00,1179,1.0,4,target,2.97,ok,
THYAO,8000,2023-02-02 17:00:00+03:00,2026-04-24 18:00:00+03:00,1177,1.0,4,target,2.7,ok,
TKFEN,8000,2023-02-02 17:00:00+03:00,2026-04-24 18:00:00+03:00,1177,1.0,4,target,2.87,ok,
TKNSA,8000,2023-02-02 17:00:00+03:00,2026-04-24 18:00:00+03:00,1177,1.0,4,target,2.91,ok,
TLMAN,8000,2023-02-02 16:00:00+03:00,2026-04-24 18:00:00+03:00,1177,1.0,4,target,2.9,ok,
TMPOL,8000,2023-01-18 17:00:00+03:00,2026-04-24 18:00:00+03:00,1192,1.0,4,target,2.95,ok,
TMSN,8000,2023-02-02 17:00:00+03:00,2026-04-24 18:00:00+03:00,1177,1.0,4,target,2.82,ok,
TNZTP,8000,2023-02-02 17:00:00+03:00,2026-04-24 18:00:00+03:00,1177,1.0,4,target,2.97,ok,
TOASO,8000,2023-02-02 17:00:00+03:00,2026-04-24 18:00:00+03:00,1177,1.0,4,target,2.85,ok,
TRALT,8000,2023-02-02 17:00:00+03:00,2026-04-24 18:00:00+03:00,1177,1.0,4,target,2.9,ok,
TRCAS,8000,2023-02-02 17:00:00+03:00,2026-04-24 18:00:00+03:00,1177,1.0,4,target,2.94,ok,
TRENJ,8000,2023-02-02 17:00:00+03:00,2026-04-24 18:00:00+03:00,1177,1.0,4,target,2.81,ok,
TRGYO,8000,2023-02-02 17:00:00+03:00,2026-04-24 18:00:00+03:00,1177,1.0,4,target,2.75,ok,
TRHOL,8000,2022-12-21 10:00:00+03:00,2026-04-24 18:00:00+03:00,1220,1.0,4,target,2.98,ok,
TRILC,8000,2023-02-01 17:00:00+03:00,2026-04-24 18:00:00+03:00,1178,1.0,4,target,3.16,ok,
TRMET,8000,2023-01-31 17:00:00+03:00,2026-04-24 18:00:00+03:00,1179,1.0,4,target,2.78,ok,
TSGYO,8000,2023-01-31 17:00:00+03:00,2026-04-24 18:00:00+03:00,1179,1.0,4,target,2.96,ok,
TSKB,8000,2023-02-02 17:00:00+03:00,2026-04-24 18:00:00+03:00,1177,1.0,4,target,2.87,ok,
TSPOR,8000,2023-02-02 17:00:00+03:00,2026-04-24 18:00:00+03:00,1177,1.0,4,target,2.86,ok,
TTKOM,8000,2023-02-02 17:00:00+03:00,2026-04-24 18:00:00+03:00,1177,1.0,4,target,2.75,ok,
TTRAK,8000,2023-02-02 17:00:00+03:00,2026-04-24 18:00:00+03:00,1177,1.0,4,target,2.84,ok,
TUCLK,8000,2023-02-02 16:00:00+03:00,2026-04-24 18:00:00+03:00,1177,1.0,4,target,2.98,ok,
TUKAS,8000,2023-02-02 17:00:00+03:00,2026-04-24 18:00:00+03:00,1177,1.0,4,target,2.84,ok,
TUPRS,8000,2023-02-02 16:00:00+03:00,2026-04-24 18:00:00+03:00,1177,1.0,4,target,2.34,ok,
TUREX,8000,2023-02-02 17:00:00+03:00,2026-04-24 18:00:00+03:00,1177,1.0,4,target,2.31,ok,
TURGG,8000,2023-01-31 10:00:00+03:00,2026-04-24 18:00:00+03:00,1179,1.0,4,target,2.41,ok,
TURSG,8000,2023-02-02 17:00:00+03:00,2026-04-24 18:00:00+03:00,1177,1.0,4,target,2.2,ok,
UCAYM,644,2026-01-22 09:00:00+03:00,2026-04-24 18:00:00+03:00,92,0.084,2,no_progress,1.01,ok,
UFUK,8000,2022-12-30 17:00:00+03:00,2026-04-24 18:00:00+03:00,1211,1.0,4,target,2.63,ok,
ULAS,8000,2022-12-30 09:00:00+03:00,2026-04-24 18:00:00+03:00,1211,1.0,4,target,2.53,ok,
ULKER,8000,2023-02-02 17:00:00+03:00,2026-04-24 18:00:00+03:00,1177,1.0,4,target,2.33,ok,
ULUFA,8000,2023-01-30 12:00:00+03:00,2026-04-24 18:00:00+03:00,1180,1.0,4,target,2.37,ok,
ULUSE,8000,2023-02-02 10:00:00+03:00,2026-04-24 18:00:00+03:00,1177,1.0,4,target,2.58,ok,
ULUUN,8000,2023-01-30 18:00:00+03:00,2026-04-24 18:00:00+03:00,1180,1.0,4,target,2.38,ok,
UNLU,8000,2023-02-02 15:00:00+03:00,2026-04-24 18:00:00+03:00,1177,1.0,4,target,2.29,ok,
USAK,8000,2023-02-01 17:00:00+03:00,2026-04-24 18:00:00+03:00,1178,1.0,4,target,2.34,ok,
VAKBN,8000,2023-02-02 17:00:00+03:00,2026-04-24 18:00:00+03:00,1177,1.0,4,target,2.29,ok,
VAKFA,1025,2025-11-20 09:00:00+03:00,2026-04-24 18:00:00+03:00,155,0.1416,2,no_progress,1.01,ok,
VAKFN,8000,2023-02-01 17:00:00+03:00,2026-04-24 18:00:00+03:00,1178,1.0,4,target,2.31,ok,
VAKKO,8000,2023-02-02 15:00:00+03:00,2026-04-24 18:00:00+03:00,1177,1.0,4,target,2.35,ok,
VANGD,8000,2022-12-09 16:00:00+03:00,2026-04-24 18:00:00+03:00,1232,1.0,4,target,2.79,ok,
VBTYZ,8000,2023-02-02 16:00:00+03:00,2026-04-24 18:00:00+03:00,1177,1.0,4,target,2.23,ok,
VERTU,8000,2023-01-31 15:00:00+03:00,2026-04-24 18:00:00+03:00,1179,1.0,4,target,2.32,ok,
VERUS,8000,2023-02-02 13:00:00+03:00,2026-04-24 18:00:00+03:00,1177,1.0,4,target,2.34,ok,
VESBE,8000,2023-02-01 17:00:00+03:00,2026-04-24 18:00:00+03:00,1178,1.0,4,target,2.88,ok,
VESTL,8000,2023-02-01 17:00:00+03:00,2026-04-24 18:00:00+03:00,1178,1.0,4,target,2.27,ok,
VKFYO,8000,2022-12-28 17:00:00+03:00,2026-04-24 18:00:00+03:00,1213,1.0,4,target,2.31,ok,
VKGYO,8000,2023-02-02 17:00:00+03:00,2026-04-24 18:00:00+03:00,1177,1.0,4,target,2.85,ok,
VKING,8000,2023-01-12 09:00:00+03:00,2026-04-24 18:00:00+03:00,1198,1.0,4,target,2.28,ok,
VRGYO,6229,2023-10-27 09:00:00+03:00,2026-04-24 18:00:00+03:00,910,0.8311,5,no_progress,2.77,ok,
VSNMD,3002,2025-02-11 09:00:00+03:00,2026-04-24 18:00:00+03:00,437,0.3991,3,no_progress,1.73,ok,
YAPRK,8000,2023-02-01 13:00:00+03:00,2026-04-24 18:00:00+03:00,1178,1.0,4,target,2.34,ok,
YATAS,8000,2023-02-02 17:00:00+03:00,2026-04-24 18:00:00+03:00,1177,1.0,4,target,2.24,ok,
YAYLA,8000,2023-01-04 14:00:00+03:00,2026-04-24 18:00:00+03:00,1206,1.0,4,target,2.65,ok,
YBTAS,4000,2022-11-08 09:00:00+03:00,2026-04-24 18:00:00+03:00,1263,1.0,2,target,1.05,ok,
YEOTK,8000,2023-02-01 17:00:00+03:00,2026-04-24 18:00:00+03:00,1178,1.0,4,target,2.74,ok,
YESIL,8000,2023-01-20 17:00:00+03:00,2026-04-24 18:00:00+03:00,1190,1.0,4,target,2.3,ok,
YGGYO,8000,2023-02-01 18:00:00+03:00,2026-04-24 18:00:00+03:00,1178,1.0,4,target,2.72,ok,
YIGIT,4705,2024-06-06 09:00:00+03:00,2026-04-24 18:00:00+03:00,687,0.6274,4,no_progress,2.69,ok,
YKBNK,8000,2023-02-01 17:00:00+03:00,2026-04-24 18:00:00+03:00,1178,1.0,4,target,2.06,ok,
YKSLN,8000,2023-02-02 17:00:00+03:00,2026-04-24 18:00:00+03:00,1177,1.0,4,target,2.72,ok,
YONGA,4000,2023-02-03 12:00:00+03:00,2026-04-24 18:00:00+03:00,1176,1.0,2,target,1.67,ok,
YUNSA,8000,2023-02-02 17:00:00+03:00,2026-04-24 18:00:00+03:00,1177,1.0,4,target,2.88,ok,
YYAPI,8000,2023-01-03 15:00:00+03:00,2026-04-24 18:00:00+03:00,1207,1.0,4,target,2.7,ok,
YYLGD,8000,2023-02-01 17:00:00+03:00,2026-04-24 18:00:00+03:00,1178,1.0,4,target,2.77,ok,
ZEDUR,8000,2022-12-16 17:00:00+03:00,2026-04-24 18:00:00+03:00,1225,1.0,4,target,2.7,ok,
ZERGY,884,2025-12-18 09:00:00+03:00,2026-04-24 18:00:00+03:00,127,0.116,2,no_progress,1.02,ok,
ZGYO,684,2026-01-16 09:00:00+03:00,2026-04-24 18:00:00+03:00,98,0.0895,2,no_progress,1.05,ok,
ZOREN,8000,2023-02-02 17:00:00+03:00,2026-04-24 18:00:00+03:00,1177,1.0,4,target,2.42,ok,
ZRGYO,8000,2023-02-02 17:00:00+03:00,2026-04-24 18:00:00+03:00,1177,1.0,4,target,2.67,ok,
