date,new_entries_raw,exposure_raw,month,monthly_closed_trades,monthly_avg_R,monthly_avg_net_return_pct
2023-04-17,1,1,2023-04,,,
2023-04-18,0,1,2023-04,,,
2023-04-19,1,2,2023-04,,,
2023-04-20,1,3,2023-04,,,
2023-04-21,0,3,2023-04,,,
2023-04-22,0,3,2023-04,,,
2023-04-23,0,3,2023-04,,,
2023-04-24,1,4,2023-04,,,
2023-04-25,1,5,2023-04,,,
2023-04-26,2,7,2023-04,,,
2023-04-27,1,8,2023-04,,,
2023-04-28,1,9,2023-04,,,
2023-04-29,0,9,2023-04,,,
2023-04-30,0,9,2023-04,,,
2023-05-01,0,9,2023-05,15.0,-0.13349660473728245,-0.057256660500831294
2023-05-02,1,10,2023-05,15.0,-0.13349660473728245,-0.057256660500831294
2023-05-03,1,10,2023-05,15.0,-0.13349660473728245,-0.057256660500831294
2023-05-04,0,10,2023-05,15.0,-0.13349660473728245,-0.057256660500831294
2023-05-05,0,9,2023-05,15.0,-0.13349660473728245,-0.057256660500831294
2023-05-06,0,9,2023-05,15.0,-0.13349660473728245,-0.057256660500831294
2023-05-07,0,9,2023-05,15.0,-0.13349660473728245,-0.057256660500831294
2023-05-08,0,8,2023-05,15.0,-0.13349660473728245,-0.057256660500831294
2023-05-09,0,7,2023-05,15.0,-0.13349660473728245,-0.057256660500831294
2023-05-10,1,7,2023-05,15.0,-0.13349660473728245,-0.057256660500831294
2023-05-11,0,5,2023-05,15.0,-0.13349660473728245,-0.057256660500831294
2023-05-12,1,5,2023-05,15.0,-0.13349660473728245,-0.057256660500831294
2023-05-13,0,5,2023-05,15.0,-0.13349660473728245,-0.057256660500831294
2023-05-14,0,5,2023-05,15.0,-0.13349660473728245,-0.057256660500831294
2023-05-15,2,6,2023-05,15.0,-0.13349660473728245,-0.057256660500831294
2023-05-16,0,5,2023-05,15.0,-0.13349660473728245,-0.057256660500831294
2023-05-17,0,4,2023-05,15.0,-0.13349660473728245,-0.057256660500831294
2023-05-18,0,4,2023-05,15.0,-0.13349660473728245,-0.057256660500831294
2023-05-19,0,4,2023-05,15.0,-0.13349660473728245,-0.057256660500831294
2023-05-20,0,4,2023-05,15.0,-0.13349660473728245,-0.057256660500831294
2023-05-21,0,4,2023-05,15.0,-0.13349660473728245,-0.057256660500831294
2023-05-22,0,4,2023-05,15.0,-0.13349660473728245,-0.057256660500831294
2023-05-23,0,4,2023-05,15.0,-0.13349660473728245,-0.057256660500831294
2023-05-24,1,5,2023-05,15.0,-0.13349660473728245,-0.057256660500831294
2023-05-25,2,6,2023-05,15.0,-0.13349660473728245,-0.057256660500831294
2023-05-26,2,8,2023-05,15.0,-0.13349660473728245,-0.057256660500831294
2023-05-27,0,8,2023-05,15.0,-0.13349660473728245,-0.057256660500831294
2023-05-28,0,8,2023-05,15.0,-0.13349660473728245,-0.057256660500831294
2023-05-29,2,9,2023-05,15.0,-0.13349660473728245,-0.057256660500831294
2023-05-30,2,9,2023-05,15.0,-0.13349660473728245,-0.057256660500831294
2023-05-31,4,13,2023-05,15.0,-0.13349660473728245,-0.057256660500831294
2023-06-01,2,15,2023-06,40.0,-0.0281325979543399,-0.014455891382244785
2023-06-02,4,19,2023-06,40.0,-0.0281325979543399,-0.014455891382244785
2023-06-03,0,19,2023-06,40.0,-0.0281325979543399,-0.014455891382244785
2023-06-04,0,19,2023-06,40.0,-0.0281325979543399,-0.014455891382244785
2023-06-05,2,21,2023-06,40.0,-0.0281325979543399,-0.014455891382244785
2023-06-06,0,21,2023-06,40.0,-0.0281325979543399,-0.014455891382244785
2023-06-07,4,24,2023-06,40.0,-0.0281325979543399,-0.014455891382244785
2023-06-08,2,24,2023-06,40.0,-0.0281325979543399,-0.014455891382244785
2023-06-09,6,28,2023-06,40.0,-0.0281325979543399,-0.014455891382244785
2023-06-10,0,28,2023-06,40.0,-0.0281325979543399,-0.014455891382244785
2023-06-11,0,28,2023-06,40.0,-0.0281325979543399,-0.014455891382244785
2023-06-12,4,30,2023-06,40.0,-0.0281325979543399,-0.014455891382244785
2023-06-13,3,31,2023-06,40.0,-0.0281325979543399,-0.014455891382244785
2023-06-14,2,29,2023-06,40.0,-0.0281325979543399,-0.014455891382244785
2023-06-15,3,30,2023-06,40.0,-0.0281325979543399,-0.014455891382244785
2023-06-16,3,29,2023-06,40.0,-0.0281325979543399,-0.014455891382244785
2023-06-17,0,29,2023-06,40.0,-0.0281325979543399,-0.014455891382244785
2023-06-18,0,29,2023-06,40.0,-0.0281325979543399,-0.014455891382244785
2023-06-19,3,30,2023-06,40.0,-0.0281325979543399,-0.014455891382244785
2023-06-20,2,32,2023-06,40.0,-0.0281325979543399,-0.014455891382244785
2023-06-21,2,30,2023-06,40.0,-0.0281325979543399,-0.014455891382244785
2023-06-22,2,30,2023-06,40.0,-0.0281325979543399,-0.014455891382244785
2023-06-23,1,25,2023-06,40.0,-0.0281325979543399,-0.014455891382244785
2023-06-24,0,25,2023-06,40.0,-0.0281325979543399,-0.014455891382244785
2023-06-25,0,25,2023-06,40.0,-0.0281325979543399,-0.014455891382244785
2023-06-26,1,22,2023-06,40.0,-0.0281325979543399,-0.014455891382244785
2023-06-27,2,21,2023-06,40.0,-0.0281325979543399,-0.014455891382244785
2023-06-28,0,21,2023-06,40.0,-0.0281325979543399,-0.014455891382244785
2023-06-29,0,21,2023-06,40.0,-0.0281325979543399,-0.014455891382244785
2023-06-30,0,21,2023-06,40.0,-0.0281325979543399,-0.014455891382244785
2023-07-01,0,21,2023-07,74.0,0.9404897609009797,0.12541981585109457
2023-07-02,0,21,2023-07,74.0,0.9404897609009797,0.12541981585109457
2023-07-03,2,21,2023-07,74.0,0.9404897609009797,0.12541981585109457
2023-07-04,2,20,2023-07,74.0,0.9404897609009797,0.12541981585109457
2023-07-05,3,20,2023-07,74.0,0.9404897609009797,0.12541981585109457
2023-07-06,4,21,2023-07,74.0,0.9404897609009797,0.12541981585109457
2023-07-07,3,22,2023-07,74.0,0.9404897609009797,0.12541981585109457
2023-07-08,0,22,2023-07,74.0,0.9404897609009797,0.12541981585109457
2023-07-09,0,22,2023-07,74.0,0.9404897609009797,0.12541981585109457
2023-07-10,4,24,2023-07,74.0,0.9404897609009797,0.12541981585109457
2023-07-11,3,25,2023-07,74.0,0.9404897609009797,0.12541981585109457
2023-07-12,6,30,2023-07,74.0,0.9404897609009797,0.12541981585109457
2023-07-13,9,38,2023-07,74.0,0.9404897609009797,0.12541981585109457
2023-07-14,8,44,2023-07,74.0,0.9404897609009797,0.12541981585109457
2023-07-15,0,44,2023-07,74.0,0.9404897609009797,0.12541981585109457
2023-07-16,0,44,2023-07,74.0,0.9404897609009797,0.12541981585109457
2023-07-17,9,51,2023-07,74.0,0.9404897609009797,0.12541981585109457
2023-07-18,11,60,2023-07,74.0,0.9404897609009797,0.12541981585109457
2023-07-19,9,66,2023-07,74.0,0.9404897609009797,0.12541981585109457
2023-07-20,9,71,2023-07,74.0,0.9404897609009797,0.12541981585109457
2023-07-21,7,75,2023-07,74.0,0.9404897609009797,0.12541981585109457
2023-07-22,0,75,2023-07,74.0,0.9404897609009797,0.12541981585109457
2023-07-23,0,75,2023-07,74.0,0.9404897609009797,0.12541981585109457
2023-07-24,7,78,2023-07,74.0,0.9404897609009797,0.12541981585109457
2023-07-25,7,82,2023-07,74.0,0.9404897609009797,0.12541981585109457
2023-07-26,3,79,2023-07,74.0,0.9404897609009797,0.12541981585109457
2023-07-27,2,72,2023-07,74.0,0.9404897609009797,0.12541981585109457
2023-07-28,3,67,2023-07,74.0,0.9404897609009797,0.12541981585109457
2023-07-29,0,67,2023-07,74.0,0.9404897609009797,0.12541981585109457
2023-07-30,0,67,2023-07,74.0,0.9404897609009797,0.12541981585109457
2023-07-31,3,61,2023-07,74.0,0.9404897609009797,0.12541981585109457
2023-08-01,3,53,2023-08,102.0,0.6773695103140966,0.10019303878468519
2023-08-02,3,47,2023-08,102.0,0.6773695103140966,0.10019303878468519
2023-08-03,2,40,2023-08,102.0,0.6773695103140966,0.10019303878468519
2023-08-04,2,35,2023-08,102.0,0.6773695103140966,0.10019303878468519
2023-08-05,0,35,2023-08,102.0,0.6773695103140966,0.10019303878468519
2023-08-06,0,35,2023-08,102.0,0.6773695103140966,0.10019303878468519
2023-08-07,1,29,2023-08,102.0,0.6773695103140966,0.10019303878468519
2023-08-08,1,23,2023-08,102.0,0.6773695103140966,0.10019303878468519
2023-08-09,3,23,2023-08,102.0,0.6773695103140966,0.10019303878468519
2023-08-10,3,24,2023-08,102.0,0.6773695103140966,0.10019303878468519
2023-08-11,4,25,2023-08,102.0,0.6773695103140966,0.10019303878468519
2023-08-12,0,25,2023-08,102.0,0.6773695103140966,0.10019303878468519
2023-08-13,0,25,2023-08,102.0,0.6773695103140966,0.10019303878468519
2023-08-14,8,30,2023-08,102.0,0.6773695103140966,0.10019303878468519
2023-08-15,6,33,2023-08,102.0,0.6773695103140966,0.10019303878468519
2023-08-16,6,36,2023-08,102.0,0.6773695103140966,0.10019303878468519
2023-08-17,10,44,2023-08,102.0,0.6773695103140966,0.10019303878468519
2023-08-18,14,56,2023-08,102.0,0.6773695103140966,0.10019303878468519
2023-08-19,0,56,2023-08,102.0,0.6773695103140966,0.10019303878468519
2023-08-20,0,56,2023-08,102.0,0.6773695103140966,0.10019303878468519
2023-08-21,13,68,2023-08,102.0,0.6773695103140966,0.10019303878468519
2023-08-22,16,83,2023-08,102.0,0.6773695103140966,0.10019303878468519
2023-08-23,20,100,2023-08,102.0,0.6773695103140966,0.10019303878468519
2023-08-24,22,119,2023-08,102.0,0.6773695103140966,0.10019303878468519
2023-08-25,18,133,2023-08,102.0,0.6773695103140966,0.10019303878468519
2023-08-26,0,133,2023-08,102.0,0.6773695103140966,0.10019303878468519
2023-08-27,0,133,2023-08,102.0,0.6773695103140966,0.10019303878468519
2023-08-28,19,144,2023-08,102.0,0.6773695103140966,0.10019303878468519
2023-08-29,22,160,2023-08,102.0,0.6773695103140966,0.10019303878468519
2023-08-30,0,160,2023-08,102.0,0.6773695103140966,0.10019303878468519
2023-08-31,24,179,2023-08,102.0,0.6773695103140966,0.10019303878468519
2023-09-01,24,193,2023-09,347.0,1.052936971759283,0.08949781006273352
2023-09-02,0,193,2023-09,347.0,1.052936971759283,0.08949781006273352
2023-09-03,0,193,2023-09,347.0,1.052936971759283,0.08949781006273352
2023-09-04,21,200,2023-09,347.0,1.052936971759283,0.08949781006273352
2023-09-05,22,209,2023-09,347.0,1.052936971759283,0.08949781006273352
2023-09-06,20,213,2023-09,347.0,1.052936971759283,0.08949781006273352
2023-09-07,16,209,2023-09,347.0,1.052936971759283,0.08949781006273352
2023-09-08,14,201,2023-09,347.0,1.052936971759283,0.08949781006273352
2023-09-09,0,201,2023-09,347.0,1.052936971759283,0.08949781006273352
2023-09-10,0,201,2023-09,347.0,1.052936971759283,0.08949781006273352
2023-09-11,13,195,2023-09,347.0,1.052936971759283,0.08949781006273352
2023-09-12,10,186,2023-09,347.0,1.052936971759283,0.08949781006273352
2023-09-13,11,175,2023-09,347.0,1.052936971759283,0.08949781006273352
2023-09-14,9,160,2023-09,347.0,1.052936971759283,0.08949781006273352
2023-09-15,8,144,2023-09,347.0,1.052936971759283,0.08949781006273352
2023-09-16,0,144,2023-09,347.0,1.052936971759283,0.08949781006273352
2023-09-17,0,144,2023-09,347.0,1.052936971759283,0.08949781006273352
2023-09-18,7,130,2023-09,347.0,1.052936971759283,0.08949781006273352
2023-09-19,6,114,2023-09,347.0,1.052936971759283,0.08949781006273352
2023-09-20,6,100,2023-09,347.0,1.052936971759283,0.08949781006273352
2023-09-21,5,89,2023-09,347.0,1.052936971759283,0.08949781006273352
2023-09-22,9,84,2023-09,347.0,1.052936971759283,0.08949781006273352
2023-09-23,0,84,2023-09,347.0,1.052936971759283,0.08949781006273352
2023-09-24,0,84,2023-09,347.0,1.052936971759283,0.08949781006273352
2023-09-25,9,80,2023-09,347.0,1.052936971759283,0.08949781006273352
2023-09-26,14,84,2023-09,347.0,1.052936971759283,0.08949781006273352
2023-09-27,8,81,2023-09,347.0,1.052936971759283,0.08949781006273352
2023-09-28,8,80,2023-09,347.0,1.052936971759283,0.08949781006273352
2023-09-29,10,82,2023-09,347.0,1.052936971759283,0.08949781006273352
2023-09-30,0,82,2023-09,347.0,1.052936971759283,0.08949781006273352
2023-10-01,0,82,2023-10,194.0,0.24008738483407233,0.050107238361809796
2023-10-02,14,89,2023-10,194.0,0.24008738483407233,0.050107238361809796
2023-10-03,17,100,2023-10,194.0,0.24008738483407233,0.050107238361809796
2023-10-04,15,109,2023-10,194.0,0.24008738483407233,0.050107238361809796
2023-10-05,15,119,2023-10,194.0,0.24008738483407233,0.050107238361809796
2023-10-06,9,119,2023-10,194.0,0.24008738483407233,0.050107238361809796
2023-10-07,0,119,2023-10,194.0,0.24008738483407233,0.050107238361809796
2023-10-08,0,119,2023-10,194.0,0.24008738483407233,0.050107238361809796
2023-10-09,10,120,2023-10,194.0,0.24008738483407233,0.050107238361809796
2023-10-10,10,116,2023-10,194.0,0.24008738483407233,0.050107238361809796
2023-10-11,5,113,2023-10,194.0,0.24008738483407233,0.050107238361809796
2023-10-12,6,111,2023-10,194.0,0.24008738483407233,0.050107238361809796
2023-10-13,5,106,2023-10,194.0,0.24008738483407233,0.050107238361809796
2023-10-14,0,106,2023-10,194.0,0.24008738483407233,0.050107238361809796
2023-10-15,0,106,2023-10,194.0,0.24008738483407233,0.050107238361809796
2023-10-16,3,95,2023-10,194.0,0.24008738483407233,0.050107238361809796
2023-10-17,3,81,2023-10,194.0,0.24008738483407233,0.050107238361809796
2023-10-18,3,69,2023-10,194.0,0.24008738483407233,0.050107238361809796
2023-10-19,5,59,2023-10,194.0,0.24008738483407233,0.050107238361809796
2023-10-20,3,53,2023-10,194.0,0.24008738483407233,0.050107238361809796
2023-10-21,0,53,2023-10,194.0,0.24008738483407233,0.050107238361809796
2023-10-22,0,53,2023-10,194.0,0.24008738483407233,0.050107238361809796
2023-10-23,4,47,2023-10,194.0,0.24008738483407233,0.050107238361809796
2023-10-24,4,41,2023-10,194.0,0.24008738483407233,0.050107238361809796
2023-10-25,4,40,2023-10,194.0,0.24008738483407233,0.050107238361809796
2023-10-26,2,36,2023-10,194.0,0.24008738483407233,0.050107238361809796
2023-10-27,4,35,2023-10,194.0,0.24008738483407233,0.050107238361809796
2023-10-28,0,35,2023-10,194.0,0.24008738483407233,0.050107238361809796
2023-10-29,0,35,2023-10,194.0,0.24008738483407233,0.050107238361809796
2023-10-30,2,34,2023-10,194.0,0.24008738483407233,0.050107238361809796
2023-10-31,2,33,2023-10,194.0,0.24008738483407233,0.050107238361809796
2023-11-01,3,33,2023-11,66.0,0.09959430608058616,0.012922289168837978
2023-11-02,3,31,2023-11,66.0,0.09959430608058616,0.012922289168837978
2023-11-03,4,32,2023-11,66.0,0.09959430608058616,0.012922289168837978
2023-11-04,0,32,2023-11,66.0,0.09959430608058616,0.012922289168837978
2023-11-05,0,32,2023-11,66.0,0.09959430608058616,0.012922289168837978
2023-11-06,4,32,2023-11,66.0,0.09959430608058616,0.012922289168837978
2023-11-07,4,32,2023-11,66.0,0.09959430608058616,0.012922289168837978
2023-11-08,3,31,2023-11,66.0,0.09959430608058616,0.012922289168837978
2023-11-09,3,32,2023-11,66.0,0.09959430608058616,0.012922289168837978
2023-11-10,5,33,2023-11,66.0,0.09959430608058616,0.012922289168837978
2023-11-11,0,33,2023-11,66.0,0.09959430608058616,0.012922289168837978
2023-11-12,0,33,2023-11,66.0,0.09959430608058616,0.012922289168837978
2023-11-13,1,32,2023-11,66.0,0.09959430608058616,0.012922289168837978
2023-11-14,2,32,2023-11,66.0,0.09959430608058616,0.012922289168837978
2023-11-15,0,29,2023-11,66.0,0.09959430608058616,0.012922289168837978
2023-11-16,1,27,2023-11,66.0,0.09959430608058616,0.012922289168837978
2023-11-17,0,23,2023-11,66.0,0.09959430608058616,0.012922289168837978
2023-11-18,0,23,2023-11,66.0,0.09959430608058616,0.012922289168837978
2023-11-19,0,23,2023-11,66.0,0.09959430608058616,0.012922289168837978
2023-11-20,2,21,2023-11,66.0,0.09959430608058616,0.012922289168837978
2023-11-21,1,18,2023-11,66.0,0.09959430608058616,0.012922289168837978
2023-11-22,3,18,2023-11,66.0,0.09959430608058616,0.012922289168837978
2023-11-23,5,20,2023-11,66.0,0.09959430608058616,0.012922289168837978
2023-11-24,2,17,2023-11,66.0,0.09959430608058616,0.012922289168837978
2023-11-25,0,17,2023-11,66.0,0.09959430608058616,0.012922289168837978
2023-11-26,0,17,2023-11,66.0,0.09959430608058616,0.012922289168837978
2023-11-27,3,19,2023-11,66.0,0.09959430608058616,0.012922289168837978
2023-11-28,4,21,2023-11,66.0,0.09959430608058616,0.012922289168837978
2023-11-29,7,28,2023-11,66.0,0.09959430608058616,0.012922289168837978
2023-11-30,5,32,2023-11,66.0,0.09959430608058616,0.012922289168837978
2023-12-01,5,37,2023-12,67.0,-0.6074857528498386,-0.05637671468272687
2023-12-02,0,37,2023-12,67.0,-0.6074857528498386,-0.05637671468272687
2023-12-03,0,37,2023-12,67.0,-0.6074857528498386,-0.05637671468272687
2023-12-04,5,40,2023-12,67.0,-0.6074857528498386,-0.05637671468272687
2023-12-05,7,46,2023-12,67.0,-0.6074857528498386,-0.05637671468272687
2023-12-06,4,47,2023-12,67.0,-0.6074857528498386,-0.05637671468272687
2023-12-07,3,45,2023-12,67.0,-0.6074857528498386,-0.05637671468272687
2023-12-08,4,47,2023-12,67.0,-0.6074857528498386,-0.05637671468272687
2023-12-09,0,47,2023-12,67.0,-0.6074857528498386,-0.05637671468272687
2023-12-10,0,47,2023-12,67.0,-0.6074857528498386,-0.05637671468272687
2023-12-11,2,46,2023-12,67.0,-0.6074857528498386,-0.05637671468272687
2023-12-12,3,45,2023-12,67.0,-0.6074857528498386,-0.05637671468272687
2023-12-13,2,40,2023-12,67.0,-0.6074857528498386,-0.05637671468272687
2023-12-14,0,35,2023-12,67.0,-0.6074857528498386,-0.05637671468272687
2023-12-15,0,30,2023-12,67.0,-0.6074857528498386,-0.05637671468272687
2023-12-16,0,30,2023-12,67.0,-0.6074857528498386,-0.05637671468272687
2023-12-17,0,30,2023-12,67.0,-0.6074857528498386,-0.05637671468272687
2023-12-18,1,26,2023-12,67.0,-0.6074857528498386,-0.05637671468272687
2023-12-19,2,21,2023-12,67.0,-0.6074857528498386,-0.05637671468272687
2023-12-20,3,20,2023-12,67.0,-0.6074857528498386,-0.05637671468272687
2023-12-21,1,18,2023-12,67.0,-0.6074857528498386,-0.05637671468272687
2023-12-22,2,16,2023-12,67.0,-0.6074857528498386,-0.05637671468272687
2023-12-23,0,16,2023-12,67.0,-0.6074857528498386,-0.05637671468272687
2023-12-24,0,16,2023-12,67.0,-0.6074857528498386,-0.05637671468272687
2023-12-25,2,16,2023-12,67.0,-0.6074857528498386,-0.05637671468272687
2023-12-26,1,14,2023-12,67.0,-0.6074857528498386,-0.05637671468272687
2023-12-27,2,14,2023-12,67.0,-0.6074857528498386,-0.05637671468272687
2023-12-28,3,17,2023-12,67.0,-0.6074857528498386,-0.05637671468272687
2023-12-29,3,20,2023-12,67.0,-0.6074857528498386,-0.05637671468272687
2023-12-30,0,20,2023-12,67.0,-0.6074857528498386,-0.05637671468272687
2023-12-31,0,20,2023-12,67.0,-0.6074857528498386,-0.05637671468272687
2024-01-01,0,20,2024-01,42.0,0.3612491315179138,0.0360805183183571
2024-01-02,2,21,2024-01,42.0,0.3612491315179138,0.0360805183183571
2024-01-03,3,22,2024-01,42.0,0.3612491315179138,0.0360805183183571
2024-01-04,2,21,2024-01,42.0,0.3612491315179138,0.0360805183183571
2024-01-05,1,21,2024-01,42.0,0.3612491315179138,0.0360805183183571
2024-01-06,0,21,2024-01,42.0,0.3612491315179138,0.0360805183183571
2024-01-07,0,21,2024-01,42.0,0.3612491315179138,0.0360805183183571
2024-01-08,2,21,2024-01,42.0,0.3612491315179138,0.0360805183183571
2024-01-09,2,21,2024-01,42.0,0.3612491315179138,0.0360805183183571
2024-01-10,2,22,2024-01,42.0,0.3612491315179138,0.0360805183183571
2024-01-11,2,22,2024-01,42.0,0.3612491315179138,0.0360805183183571
2024-01-12,2,21,2024-01,42.0,0.3612491315179138,0.0360805183183571
2024-01-13,0,21,2024-01,42.0,0.3612491315179138,0.0360805183183571
2024-01-14,0,21,2024-01,42.0,0.3612491315179138,0.0360805183183571
2024-01-15,0,18,2024-01,42.0,0.3612491315179138,0.0360805183183571
2024-01-16,2,18,2024-01,42.0,0.3612491315179138,0.0360805183183571
2024-01-17,2,17,2024-01,42.0,0.3612491315179138,0.0360805183183571
2024-01-18,4,19,2024-01,42.0,0.3612491315179138,0.0360805183183571
2024-01-19,2,20,2024-01,42.0,0.3612491315179138,0.0360805183183571
2024-01-20,0,20,2024-01,42.0,0.3612491315179138,0.0360805183183571
2024-01-21,0,20,2024-01,42.0,0.3612491315179138,0.0360805183183571
2024-01-22,3,21,2024-01,42.0,0.3612491315179138,0.0360805183183571
2024-01-23,4,23,2024-01,42.0,0.3612491315179138,0.0360805183183571
2024-01-24,1,22,2024-01,42.0,0.3612491315179138,0.0360805183183571
2024-01-25,2,22,2024-01,42.0,0.3612491315179138,0.0360805183183571
2024-01-26,3,23,2024-01,42.0,0.3612491315179138,0.0360805183183571
2024-01-27,0,23,2024-01,42.0,0.3612491315179138,0.0360805183183571
2024-01-28,0,23,2024-01,42.0,0.3612491315179138,0.0360805183183571
2024-01-29,2,25,2024-01,42.0,0.3612491315179138,0.0360805183183571
2024-01-30,7,30,2024-01,42.0,0.3612491315179138,0.0360805183183571
2024-01-31,7,35,2024-01,42.0,0.3612491315179138,0.0360805183183571
2024-02-01,9,40,2024-02,232.0,0.5994240076220754,0.07406713626446051
2024-02-02,11,49,2024-02,232.0,0.5994240076220754,0.07406713626446051
2024-02-03,0,49,2024-02,232.0,0.5994240076220754,0.07406713626446051
2024-02-04,0,49,2024-02,232.0,0.5994240076220754,0.07406713626446051
2024-02-05,13,59,2024-02,232.0,0.5994240076220754,0.07406713626446051
2024-02-06,10,65,2024-02,232.0,0.5994240076220754,0.07406713626446051
2024-02-07,12,76,2024-02,232.0,0.5994240076220754,0.07406713626446051
2024-02-08,19,93,2024-02,232.0,0.5994240076220754,0.07406713626446051
2024-02-09,25,115,2024-02,232.0,0.5994240076220754,0.07406713626446051
2024-02-10,0,115,2024-02,232.0,0.5994240076220754,0.07406713626446051
2024-02-11,0,115,2024-02,232.0,0.5994240076220754,0.07406713626446051
2024-02-12,26,139,2024-02,232.0,0.5994240076220754,0.07406713626446051
2024-02-13,28,160,2024-02,232.0,0.5994240076220754,0.07406713626446051
2024-02-14,22,175,2024-02,232.0,0.5994240076220754,0.07406713626446051
2024-02-15,22,188,2024-02,232.0,0.5994240076220754,0.07406713626446051
2024-02-16,23,200,2024-02,232.0,0.5994240076220754,0.07406713626446051
2024-02-17,0,200,2024-02,232.0,0.5994240076220754,0.07406713626446051
2024-02-18,0,200,2024-02,232.0,0.5994240076220754,0.07406713626446051
2024-02-19,19,206,2024-02,232.0,0.5994240076220754,0.07406713626446051
2024-02-20,18,214,2024-02,232.0,0.5994240076220754,0.07406713626446051
2024-02-21,17,219,2024-02,232.0,0.5994240076220754,0.07406713626446051
2024-02-22,11,211,2024-02,232.0,0.5994240076220754,0.07406713626446051
2024-02-23,10,196,2024-02,232.0,0.5994240076220754,0.07406713626446051
2024-02-24,0,196,2024-02,232.0,0.5994240076220754,0.07406713626446051
2024-02-25,0,196,2024-02,232.0,0.5994240076220754,0.07406713626446051
2024-02-26,10,180,2024-02,232.0,0.5994240076220754,0.07406713626446051
2024-02-27,6,158,2024-02,232.0,0.5994240076220754,0.07406713626446051
2024-02-28,3,139,2024-02,232.0,0.5994240076220754,0.07406713626446051
2024-02-29,3,120,2024-02,232.0,0.5994240076220754,0.07406713626446051
2024-03-01,1,98,2024-03,137.0,0.2903299636894252,0.02882141962608483
2024-03-02,0,98,2024-03,137.0,0.2903299636894252,0.02882141962608483
2024-03-03,0,98,2024-03,137.0,0.2903299636894252,0.02882141962608483
2024-03-04,2,81,2024-03,137.0,0.2903299636894252,0.02882141962608483
2024-03-05,0,63,2024-03,137.0,0.2903299636894252,0.02882141962608483
2024-03-06,1,47,2024-03,137.0,0.2903299636894252,0.02882141962608483
2024-03-07,2,38,2024-03,137.0,0.2903299636894252,0.02882141962608483
2024-03-08,1,29,2024-03,137.0,0.2903299636894252,0.02882141962608483
2024-03-09,0,29,2024-03,137.0,0.2903299636894252,0.02882141962608483
2024-03-10,0,29,2024-03,137.0,0.2903299636894252,0.02882141962608483
2024-03-11,2,21,2024-03,137.0,0.2903299636894252,0.02882141962608483
2024-03-12,2,17,2024-03,137.0,0.2903299636894252,0.02882141962608483
2024-03-13,2,16,2024-03,137.0,0.2903299636894252,0.02882141962608483
2024-03-14,3,16,2024-03,137.0,0.2903299636894252,0.02882141962608483
2024-03-15,1,16,2024-03,137.0,0.2903299636894252,0.02882141962608483
2024-03-16,0,16,2024-03,137.0,0.2903299636894252,0.02882141962608483
2024-03-17,0,16,2024-03,137.0,0.2903299636894252,0.02882141962608483
2024-03-18,3,17,2024-03,137.0,0.2903299636894252,0.02882141962608483
2024-03-19,1,18,2024-03,137.0,0.2903299636894252,0.02882141962608483
2024-03-20,0,17,2024-03,137.0,0.2903299636894252,0.02882141962608483
2024-03-21,3,18,2024-03,137.0,0.2903299636894252,0.02882141962608483
2024-03-22,3,20,2024-03,137.0,0.2903299636894252,0.02882141962608483
2024-03-23,0,20,2024-03,137.0,0.2903299636894252,0.02882141962608483
2024-03-24,0,20,2024-03,137.0,0.2903299636894252,0.02882141962608483
2024-03-25,2,20,2024-03,137.0,0.2903299636894252,0.02882141962608483
2024-03-26,2,20,2024-03,137.0,0.2903299636894252,0.02882141962608483
2024-03-27,3,21,2024-03,137.0,0.2903299636894252,0.02882141962608483
2024-03-28,3,21,2024-03,137.0,0.2903299636894252,0.02882141962608483
2024-03-29,3,23,2024-03,137.0,0.2903299636894252,0.02882141962608483
2024-03-30,0,23,2024-03,137.0,0.2903299636894252,0.02882141962608483
2024-03-31,0,23,2024-03,137.0,0.2903299636894252,0.02882141962608483
2024-04-01,4,24,2024-04,46.0,0.6760758277576351,0.08951374215840287
2024-04-02,3,26,2024-04,46.0,0.6760758277576351,0.08951374215840287
2024-04-03,2,28,2024-04,46.0,0.6760758277576351,0.08951374215840287
2024-04-04,4,29,2024-04,46.0,0.6760758277576351,0.08951374215840287
2024-04-05,1,27,2024-04,46.0,0.6760758277576351,0.08951374215840287
2024-04-06,0,27,2024-04,46.0,0.6760758277576351,0.08951374215840287
2024-04-07,0,27,2024-04,46.0,0.6760758277576351,0.08951374215840287
2024-04-08,3,28,2024-04,46.0,0.6760758277576351,0.08951374215840287
2024-04-09,4,30,2024-04,46.0,0.6760758277576351,0.08951374215840287
2024-04-10,0,30,2024-04,46.0,0.6760758277576351,0.08951374215840287
2024-04-11,0,30,2024-04,46.0,0.6760758277576351,0.08951374215840287
2024-04-12,0,30,2024-04,46.0,0.6760758277576351,0.08951374215840287
2024-04-13,0,30,2024-04,46.0,0.6760758277576351,0.08951374215840287
2024-04-14,0,30,2024-04,46.0,0.6760758277576351,0.08951374215840287
2024-04-15,2,29,2024-04,46.0,0.6760758277576351,0.08951374215840287
2024-04-16,5,31,2024-04,46.0,0.6760758277576351,0.08951374215840287
2024-04-17,3,31,2024-04,46.0,0.6760758277576351,0.08951374215840287
2024-04-18,6,33,2024-04,46.0,0.6760758277576351,0.08951374215840287
2024-04-19,6,36,2024-04,46.0,0.6760758277576351,0.08951374215840287
2024-04-20,0,36,2024-04,46.0,0.6760758277576351,0.08951374215840287
2024-04-21,0,36,2024-04,46.0,0.6760758277576351,0.08951374215840287
2024-04-22,5,39,2024-04,46.0,0.6760758277576351,0.08951374215840287
2024-04-23,0,39,2024-04,46.0,0.6760758277576351,0.08951374215840287
2024-04-24,9,44,2024-04,46.0,0.6760758277576351,0.08951374215840287
2024-04-25,10,53,2024-04,46.0,0.6760758277576351,0.08951374215840287
2024-04-26,10,60,2024-04,46.0,0.6760758277576351,0.08951374215840287
2024-04-27,0,60,2024-04,46.0,0.6760758277576351,0.08951374215840287
2024-04-28,0,60,2024-04,46.0,0.6760758277576351,0.08951374215840287
2024-04-29,9,65,2024-04,46.0,0.6760758277576351,0.08951374215840287
2024-04-30,4,67,2024-04,46.0,0.6760758277576351,0.08951374215840287
2024-05-01,0,67,2024-05,120.0,-0.16141066466461418,-0.029120757066010652
2024-05-02,7,69,2024-05,120.0,-0.16141066466461418,-0.029120757066010652
2024-05-03,7,73,2024-05,120.0,-0.16141066466461418,-0.029120757066010652
2024-05-04,0,73,2024-05,120.0,-0.16141066466461418,-0.029120757066010652
2024-05-05,0,73,2024-05,120.0,-0.16141066466461418,-0.029120757066010652
2024-05-06,8,75,2024-05,120.0,-0.16141066466461418,-0.029120757066010652
2024-05-07,6,75,2024-05,120.0,-0.16141066466461418,-0.029120757066010652
2024-05-08,5,75,2024-05,120.0,-0.16141066466461418,-0.029120757066010652
2024-05-09,4,70,2024-05,120.0,-0.16141066466461418,-0.029120757066010652
2024-05-10,3,63,2024-05,120.0,-0.16141066466461418,-0.029120757066010652
2024-05-11,0,63,2024-05,120.0,-0.16141066466461418,-0.029120757066010652
2024-05-12,0,63,2024-05,120.0,-0.16141066466461418,-0.029120757066010652
2024-05-13,3,56,2024-05,120.0,-0.16141066466461418,-0.029120757066010652
2024-05-14,3,50,2024-05,120.0,-0.16141066466461418,-0.029120757066010652
2024-05-15,2,48,2024-05,120.0,-0.16141066466461418,-0.029120757066010652
2024-05-16,3,44,2024-05,120.0,-0.16141066466461418,-0.029120757066010652
2024-05-17,2,39,2024-05,120.0,-0.16141066466461418,-0.029120757066010652
2024-05-18,0,39,2024-05,120.0,-0.16141066466461418,-0.029120757066010652
2024-05-19,0,39,2024-05,120.0,-0.16141066466461418,-0.029120757066010652
2024-05-20,3,34,2024-05,120.0,-0.16141066466461418,-0.029120757066010652
2024-05-21,3,31,2024-05,120.0,-0.16141066466461418,-0.029120757066010652
2024-05-22,1,27,2024-05,120.0,-0.16141066466461418,-0.029120757066010652
2024-05-23,2,25,2024-05,120.0,-0.16141066466461418,-0.029120757066010652
2024-05-24,3,25,2024-05,120.0,-0.16141066466461418,-0.029120757066010652
2024-05-25,0,25,2024-05,120.0,-0.16141066466461418,-0.029120757066010652
2024-05-26,0,25,2024-05,120.0,-0.16141066466461418,-0.029120757066010652
2024-05-27,2,24,2024-05,120.0,-0.16141066466461418,-0.029120757066010652
2024-05-28,1,22,2024-05,120.0,-0.16141066466461418,-0.029120757066010652
2024-05-29,2,22,2024-05,120.0,-0.16141066466461418,-0.029120757066010652
2024-05-30,2,21,2024-05,120.0,-0.16141066466461418,-0.029120757066010652
2024-05-31,3,22,2024-05,120.0,-0.16141066466461418,-0.029120757066010652
2024-06-01,0,22,2024-06,33.0,-0.3317240511242641,-0.038258670641584835
2024-06-02,0,22,2024-06,33.0,-0.3317240511242641,-0.038258670641584835
2024-06-03,3,22,2024-06,33.0,-0.3317240511242641,-0.038258670641584835
2024-06-04,1,20,2024-06,33.0,-0.3317240511242641,-0.038258670641584835
2024-06-05,1,20,2024-06,33.0,-0.3317240511242641,-0.038258670641584835
2024-06-06,0,18,2024-06,33.0,-0.3317240511242641,-0.038258670641584835
2024-06-07,3,18,2024-06,33.0,-0.3317240511242641,-0.038258670641584835
2024-06-08,0,18,2024-06,33.0,-0.3317240511242641,-0.038258670641584835
2024-06-09,0,18,2024-06,33.0,-0.3317240511242641,-0.038258670641584835
2024-06-10,3,19,2024-06,33.0,-0.3317240511242641,-0.038258670641584835
2024-06-11,0,18,2024-06,33.0,-0.3317240511242641,-0.038258670641584835
2024-06-12,0,16,2024-06,33.0,-0.3317240511242641,-0.038258670641584835
2024-06-13,3,17,2024-06,33.0,-0.3317240511242641,-0.038258670641584835
2024-06-14,4,18,2024-06,33.0,-0.3317240511242641,-0.038258670641584835
2024-06-15,0,18,2024-06,33.0,-0.3317240511242641,-0.038258670641584835
2024-06-16,0,18,2024-06,33.0,-0.3317240511242641,-0.038258670641584835
2024-06-17,0,18,2024-06,33.0,-0.3317240511242641,-0.038258670641584835
2024-06-18,0,18,2024-06,33.0,-0.3317240511242641,-0.038258670641584835
2024-06-19,0,18,2024-06,33.0,-0.3317240511242641,-0.038258670641584835
2024-06-20,4,19,2024-06,33.0,-0.3317240511242641,-0.038258670641584835
2024-06-21,4,22,2024-06,33.0,-0.3317240511242641,-0.038258670641584835
2024-06-22,0,22,2024-06,33.0,-0.3317240511242641,-0.038258670641584835
2024-06-23,0,22,2024-06,33.0,-0.3317240511242641,-0.038258670641584835
2024-06-24,5,26,2024-06,33.0,-0.3317240511242641,-0.038258670641584835
2024-06-25,6,32,2024-06,33.0,-0.3317240511242641,-0.038258670641584835
2024-06-26,6,35,2024-06,33.0,-0.3317240511242641,-0.038258670641584835
2024-06-27,6,38,2024-06,33.0,-0.3317240511242641,-0.038258670641584835
2024-06-28,8,46,2024-06,33.0,-0.3317240511242641,-0.038258670641584835
2024-06-29,0,46,2024-06,33.0,-0.3317240511242641,-0.038258670641584835
2024-06-30,0,46,2024-06,33.0,-0.3317240511242641,-0.038258670641584835
2024-07-01,7,53,2024-07,93.0,0.33965455721241733,0.04586056965795459
2024-07-02,6,56,2024-07,93.0,0.33965455721241733,0.04586056965795459
2024-07-03,4,56,2024-07,93.0,0.33965455721241733,0.04586056965795459
2024-07-04,5,57,2024-07,93.0,0.33965455721241733,0.04586056965795459
2024-07-05,7,60,2024-07,93.0,0.33965455721241733,0.04586056965795459
2024-07-06,0,60,2024-07,93.0,0.33965455721241733,0.04586056965795459
2024-07-07,0,60,2024-07,93.0,0.33965455721241733,0.04586056965795459
2024-07-08,6,61,2024-07,93.0,0.33965455721241733,0.04586056965795459
2024-07-09,4,59,2024-07,93.0,0.33965455721241733,0.04586056965795459
2024-07-10,2,55,2024-07,93.0,0.33965455721241733,0.04586056965795459
2024-07-11,2,51,2024-07,93.0,0.33965455721241733,0.04586056965795459
2024-07-12,1,44,2024-07,93.0,0.33965455721241733,0.04586056965795459
2024-07-13,0,44,2024-07,93.0,0.33965455721241733,0.04586056965795459
2024-07-14,0,44,2024-07,93.0,0.33965455721241733,0.04586056965795459
2024-07-15,0,44,2024-07,93.0,0.33965455721241733,0.04586056965795459
2024-07-16,2,39,2024-07,93.0,0.33965455721241733,0.04586056965795459
2024-07-17,1,34,2024-07,93.0,0.33965455721241733,0.04586056965795459
2024-07-18,2,32,2024-07,93.0,0.33965455721241733,0.04586056965795459
2024-07-19,3,30,2024-07,93.0,0.33965455721241733,0.04586056965795459
2024-07-20,0,30,2024-07,93.0,0.33965455721241733,0.04586056965795459
2024-07-21,0,30,2024-07,93.0,0.33965455721241733,0.04586056965795459
2024-07-22,3,26,2024-07,93.0,0.33965455721241733,0.04586056965795459
2024-07-23,3,23,2024-07,93.0,0.33965455721241733,0.04586056965795459
2024-07-24,3,22,2024-07,93.0,0.33965455721241733,0.04586056965795459
2024-07-25,4,24,2024-07,93.0,0.33965455721241733,0.04586056965795459
2024-07-26,2,24,2024-07,93.0,0.33965455721241733,0.04586056965795459
2024-07-27,0,24,2024-07,93.0,0.33965455721241733,0.04586056965795459
2024-07-28,0,24,2024-07,93.0,0.33965455721241733,0.04586056965795459
2024-07-29,3,26,2024-07,93.0,0.33965455721241733,0.04586056965795459
2024-07-30,1,25,2024-07,93.0,0.33965455721241733,0.04586056965795459
2024-07-31,1,25,2024-07,93.0,0.33965455721241733,0.04586056965795459
2024-08-01,2,25,2024-08,43.0,0.2846292717481706,0.031909099969922944
2024-08-02,4,26,2024-08,43.0,0.2846292717481706,0.031909099969922944
2024-08-03,0,26,2024-08,43.0,0.2846292717481706,0.031909099969922944
2024-08-04,0,26,2024-08,43.0,0.2846292717481706,0.031909099969922944
2024-08-05,2,25,2024-08,43.0,0.2846292717481706,0.031909099969922944
2024-08-06,2,24,2024-08,43.0,0.2846292717481706,0.031909099969922944
2024-08-07,1,22,2024-08,43.0,0.2846292717481706,0.031909099969922944
2024-08-08,1,19,2024-08,43.0,0.2846292717481706,0.031909099969922944
2024-08-09,1,18,2024-08,43.0,0.2846292717481706,0.031909099969922944
2024-08-10,0,18,2024-08,43.0,0.2846292717481706,0.031909099969922944
2024-08-11,0,18,2024-08,43.0,0.2846292717481706,0.031909099969922944
2024-08-12,2,17,2024-08,43.0,0.2846292717481706,0.031909099969922944
2024-08-13,1,17,2024-08,43.0,0.2846292717481706,0.031909099969922944
2024-08-14,1,17,2024-08,43.0,0.2846292717481706,0.031909099969922944
2024-08-15,1,16,2024-08,43.0,0.2846292717481706,0.031909099969922944
2024-08-16,1,13,2024-08,43.0,0.2846292717481706,0.031909099969922944
2024-08-17,0,13,2024-08,43.0,0.2846292717481706,0.031909099969922944
2024-08-18,0,13,2024-08,43.0,0.2846292717481706,0.031909099969922944
2024-08-19,0,11,2024-08,43.0,0.2846292717481706,0.031909099969922944
2024-08-20,1,10,2024-08,43.0,0.2846292717481706,0.031909099969922944
2024-08-21,2,11,2024-08,43.0,0.2846292717481706,0.031909099969922944
2024-08-22,2,12,2024-08,43.0,0.2846292717481706,0.031909099969922944
2024-08-23,2,13,2024-08,43.0,0.2846292717481706,0.031909099969922944
2024-08-24,0,13,2024-08,43.0,0.2846292717481706,0.031909099969922944
2024-08-25,0,13,2024-08,43.0,0.2846292717481706,0.031909099969922944
2024-08-26,2,13,2024-08,43.0,0.2846292717481706,0.031909099969922944
2024-08-27,2,14,2024-08,43.0,0.2846292717481706,0.031909099969922944
2024-08-28,1,14,2024-08,43.0,0.2846292717481706,0.031909099969922944
2024-08-29,1,14,2024-08,43.0,0.2846292717481706,0.031909099969922944
2024-08-30,0,14,2024-08,43.0,0.2846292717481706,0.031909099969922944
2024-08-31,0,14,2024-08,43.0,0.2846292717481706,0.031909099969922944
2024-09-01,0,14,2024-09,41.0,0.4453183999933254,0.05081509117549225
2024-09-02,2,15,2024-09,41.0,0.4453183999933254,0.05081509117549225
2024-09-03,2,17,2024-09,41.0,0.4453183999933254,0.05081509117549225
2024-09-04,3,19,2024-09,41.0,0.4453183999933254,0.05081509117549225
2024-09-05,2,19,2024-09,41.0,0.4453183999933254,0.05081509117549225
2024-09-06,4,21,2024-09,41.0,0.4453183999933254,0.05081509117549225
2024-09-07,0,21,2024-09,41.0,0.4453183999933254,0.05081509117549225
2024-09-08,0,21,2024-09,41.0,0.4453183999933254,0.05081509117549225
2024-09-09,4,23,2024-09,41.0,0.4453183999933254,0.05081509117549225
2024-09-10,3,24,2024-09,41.0,0.4453183999933254,0.05081509117549225
2024-09-11,2,24,2024-09,41.0,0.4453183999933254,0.05081509117549225
2024-09-12,2,25,2024-09,41.0,0.4453183999933254,0.05081509117549225
2024-09-13,2,26,2024-09,41.0,0.4453183999933254,0.05081509117549225
2024-09-14,0,26,2024-09,41.0,0.4453183999933254,0.05081509117549225
2024-09-15,0,26,2024-09,41.0,0.4453183999933254,0.05081509117549225
2024-09-16,1,25,2024-09,41.0,0.4453183999933254,0.05081509117549225
2024-09-17,0,23,2024-09,41.0,0.4453183999933254,0.05081509117549225
2024-09-18,2,22,2024-09,41.0,0.4453183999933254,0.05081509117549225
2024-09-19,1,21,2024-09,41.0,0.4453183999933254,0.05081509117549225
2024-09-20,2,19,2024-09,41.0,0.4453183999933254,0.05081509117549225
2024-09-21,0,19,2024-09,41.0,0.4453183999933254,0.05081509117549225
2024-09-22,0,19,2024-09,41.0,0.4453183999933254,0.05081509117549225
2024-09-23,3,18,2024-09,41.0,0.4453183999933254,0.05081509117549225
2024-09-24,5,20,2024-09,41.0,0.4453183999933254,0.05081509117549225
2024-09-25,5,23,2024-09,41.0,0.4453183999933254,0.05081509117549225
2024-09-26,4,25,2024-09,41.0,0.4453183999933254,0.05081509117549225
2024-09-27,6,29,2024-09,41.0,0.4453183999933254,0.05081509117549225
2024-09-28,0,29,2024-09,41.0,0.4453183999933254,0.05081509117549225
2024-09-29,0,29,2024-09,41.0,0.4453183999933254,0.05081509117549225
2024-09-30,6,34,2024-09,41.0,0.4453183999933254,0.05081509117549225
2024-10-01,6,40,2024-10,57.0,-0.17608844109974212,-0.03333822868741561
2024-10-02,3,41,2024-10,57.0,-0.17608844109974212,-0.03333822868741561
2024-10-03,2,42,2024-10,57.0,-0.17608844109974212,-0.03333822868741561
2024-10-04,2,42,2024-10,57.0,-0.17608844109974212,-0.03333822868741561
2024-10-05,0,42,2024-10,57.0,-0.17608844109974212,-0.03333822868741561
2024-10-06,0,42,2024-10,57.0,-0.17608844109974212,-0.03333822868741561
2024-10-07,2,41,2024-10,57.0,-0.17608844109974212,-0.03333822868741561
2024-10-08,1,37,2024-10,57.0,-0.17608844109974212,-0.03333822868741561
2024-10-09,1,33,2024-10,57.0,-0.17608844109974212,-0.03333822868741561
2024-10-10,1,30,2024-10,57.0,-0.17608844109974212,-0.03333822868741561
2024-10-11,1,25,2024-10,57.0,-0.17608844109974212,-0.03333822868741561
2024-10-12,0,25,2024-10,57.0,-0.17608844109974212,-0.03333822868741561
2024-10-13,0,25,2024-10,57.0,-0.17608844109974212,-0.03333822868741561
2024-10-14,1,20,2024-10,57.0,-0.17608844109974212,-0.03333822868741561
2024-10-15,2,16,2024-10,57.0,-0.17608844109974212,-0.03333822868741561
2024-10-16,1,14,2024-10,57.0,-0.17608844109974212,-0.03333822868741561
2024-10-17,1,13,2024-10,57.0,-0.17608844109974212,-0.03333822868741561
2024-10-18,2,13,2024-10,57.0,-0.17608844109974212,-0.03333822868741561
2024-10-19,0,13,2024-10,57.0,-0.17608844109974212,-0.03333822868741561
2024-10-20,0,13,2024-10,57.0,-0.17608844109974212,-0.03333822868741561
2024-10-21,1,12,2024-10,57.0,-0.17608844109974212,-0.03333822868741561
2024-10-22,1,12,2024-10,57.0,-0.17608844109974212,-0.03333822868741561
2024-10-23,1,12,2024-10,57.0,-0.17608844109974212,-0.03333822868741561
2024-10-24,1,12,2024-10,57.0,-0.17608844109974212,-0.03333822868741561
2024-10-25,1,12,2024-10,57.0,-0.17608844109974212,-0.03333822868741561
2024-10-26,0,12,2024-10,57.0,-0.17608844109974212,-0.03333822868741561
2024-10-27,0,12,2024-10,57.0,-0.17608844109974212,-0.03333822868741561
2024-10-28,1,12,2024-10,57.0,-0.17608844109974212,-0.03333822868741561
2024-10-29,0,12,2024-10,57.0,-0.17608844109974212,-0.03333822868741561
2024-10-30,0,10,2024-10,57.0,-0.17608844109974212,-0.03333822868741561
2024-10-31,1,10,2024-10,57.0,-0.17608844109974212,-0.03333822868741561
2024-11-01,2,11,2024-11,49.0,0.2688294514630611,0.023461580450367458
2024-11-02,0,11,2024-11,49.0,0.2688294514630611,0.023461580450367458
2024-11-03,0,11,2024-11,49.0,0.2688294514630611,0.023461580450367458
2024-11-04,2,11,2024-11,49.0,0.2688294514630611,0.023461580450367458
2024-11-05,2,12,2024-11,49.0,0.2688294514630611,0.023461580450367458
2024-11-06,3,14,2024-11,49.0,0.2688294514630611,0.023461580450367458
2024-11-07,2,15,2024-11,49.0,0.2688294514630611,0.023461580450367458
2024-11-08,3,17,2024-11,49.0,0.2688294514630611,0.023461580450367458
2024-11-09,0,17,2024-11,49.0,0.2688294514630611,0.023461580450367458
2024-11-10,0,17,2024-11,49.0,0.2688294514630611,0.023461580450367458
2024-11-11,4,20,2024-11,49.0,0.2688294514630611,0.023461580450367458
2024-11-12,3,22,2024-11,49.0,0.2688294514630611,0.023461580450367458
2024-11-13,4,26,2024-11,49.0,0.2688294514630611,0.023461580450367458
2024-11-14,6,31,2024-11,49.0,0.2688294514630611,0.023461580450367458
2024-11-15,8,37,2024-11,49.0,0.2688294514630611,0.023461580450367458
2024-11-16,0,37,2024-11,49.0,0.2688294514630611,0.023461580450367458
2024-11-17,0,37,2024-11,49.0,0.2688294514630611,0.023461580450367458
2024-11-18,2,37,2024-11,49.0,0.2688294514630611,0.023461580450367458
2024-11-19,7,42,2024-11,49.0,0.2688294514630611,0.023461580450367458
2024-11-20,7,46,2024-11,49.0,0.2688294514630611,0.023461580450367458
2024-11-21,7,51,2024-11,49.0,0.2688294514630611,0.023461580450367458
2024-11-22,13,61,2024-11,49.0,0.2688294514630611,0.023461580450367458
2024-11-23,0,61,2024-11,49.0,0.2688294514630611,0.023461580450367458
2024-11-24,0,61,2024-11,49.0,0.2688294514630611,0.023461580450367458
2024-11-25,16,73,2024-11,49.0,0.2688294514630611,0.023461580450367458
2024-11-26,14,84,2024-11,49.0,0.2688294514630611,0.023461580450367458
2024-11-27,17,97,2024-11,49.0,0.2688294514630611,0.023461580450367458
2024-11-28,13,104,2024-11,49.0,0.2688294514630611,0.023461580450367458
2024-11-29,10,106,2024-11,49.0,0.2688294514630611,0.023461580450367458
2024-11-30,0,106,2024-11,49.0,0.2688294514630611,0.023461580450367458
2024-12-01,0,106,2024-12,322.0,-0.06086257260963113,-0.012505506628366
2024-12-02,16,120,2024-12,322.0,-0.06086257260963113,-0.012505506628366
2024-12-03,15,128,2024-12,322.0,-0.06086257260963113,-0.012505506628366
2024-12-04,18,139,2024-12,322.0,-0.06086257260963113,-0.012505506628366
2024-12-05,17,149,2024-12,322.0,-0.06086257260963113,-0.012505506628366
2024-12-06,20,156,2024-12,322.0,-0.06086257260963113,-0.012505506628366
2024-12-07,0,156,2024-12,322.0,-0.06086257260963113,-0.012505506628366
2024-12-08,0,156,2024-12,322.0,-0.06086257260963113,-0.012505506628366
2024-12-09,21,161,2024-12,322.0,-0.06086257260963113,-0.012505506628366
2024-12-10,24,171,2024-12,322.0,-0.06086257260963113,-0.012505506628366
2024-12-11,21,175,2024-12,322.0,-0.06086257260963113,-0.012505506628366
2024-12-12,14,176,2024-12,322.0,-0.06086257260963113,-0.012505506628366
2024-12-13,16,182,2024-12,322.0,-0.06086257260963113,-0.012505506628366
2024-12-14,0,182,2024-12,322.0,-0.06086257260963113,-0.012505506628366
2024-12-15,0,182,2024-12,322.0,-0.06086257260963113,-0.012505506628366
2024-12-16,18,184,2024-12,322.0,-0.06086257260963113,-0.012505506628366
2024-12-17,16,185,2024-12,322.0,-0.06086257260963113,-0.012505506628366
2024-12-18,14,181,2024-12,322.0,-0.06086257260963113,-0.012505506628366
2024-12-19,11,175,2024-12,322.0,-0.06086257260963113,-0.012505506628366
2024-12-20,8,163,2024-12,322.0,-0.06086257260963113,-0.012505506628366
2024-12-21,0,163,2024-12,322.0,-0.06086257260963113,-0.012505506628366
2024-12-22,0,163,2024-12,322.0,-0.06086257260963113,-0.012505506628366
2024-12-23,7,149,2024-12,322.0,-0.06086257260963113,-0.012505506628366
2024-12-24,10,135,2024-12,322.0,-0.06086257260963113,-0.012505506628366
2024-12-25,5,119,2024-12,322.0,-0.06086257260963113,-0.012505506628366
2024-12-26,4,109,2024-12,322.0,-0.06086257260963113,-0.012505506628366
2024-12-27,6,99,2024-12,322.0,-0.06086257260963113,-0.012505506628366
2024-12-28,0,99,2024-12,322.0,-0.06086257260963113,-0.012505506628366
2024-12-29,0,99,2024-12,322.0,-0.06086257260963113,-0.012505506628366
2024-12-30,5,86,2024-12,322.0,-0.06086257260963113,-0.012505506628366
2024-12-31,3,73,2024-12,322.0,-0.06086257260963113,-0.012505506628366
2025-01-01,0,73,2025-01,183.0,-0.0032039204989628644,-0.0022550826598294986
2025-01-02,7,66,2025-01,183.0,-0.0032039204989628644,-0.0022550826598294986
2025-01-03,5,60,2025-01,183.0,-0.0032039204989628644,-0.0022550826598294986
2025-01-04,0,60,2025-01,183.0,-0.0032039204989628644,-0.0022550826598294986
2025-01-05,0,60,2025-01,183.0,-0.0032039204989628644,-0.0022550826598294986
2025-01-06,8,60,2025-01,183.0,-0.0032039204989628644,-0.0022550826598294986
2025-01-07,10,63,2025-01,183.0,-0.0032039204989628644,-0.0022550826598294986
2025-01-08,7,60,2025-01,183.0,-0.0032039204989628644,-0.0022550826598294986
2025-01-09,9,64,2025-01,183.0,-0.0032039204989628644,-0.0022550826598294986
2025-01-10,10,70,2025-01,183.0,-0.0032039204989628644,-0.0022550826598294986
2025-01-11,0,70,2025-01,183.0,-0.0032039204989628644,-0.0022550826598294986
2025-01-12,0,70,2025-01,183.0,-0.0032039204989628644,-0.0022550826598294986
2025-01-13,11,75,2025-01,183.0,-0.0032039204989628644,-0.0022550826598294986
2025-01-14,10,80,2025-01,183.0,-0.0032039204989628644,-0.0022550826598294986
2025-01-15,9,86,2025-01,183.0,-0.0032039204989628644,-0.0022550826598294986
2025-01-16,11,90,2025-01,183.0,-0.0032039204989628644,-0.0022550826598294986
2025-01-17,13,98,2025-01,183.0,-0.0032039204989628644,-0.0022550826598294986
2025-01-18,0,98,2025-01,183.0,-0.0032039204989628644,-0.0022550826598294986
2025-01-19,0,98,2025-01,183.0,-0.0032039204989628644,-0.0022550826598294986
2025-01-20,9,99,2025-01,183.0,-0.0032039204989628644,-0.0022550826598294986
2025-01-21,11,100,2025-01,183.0,-0.0032039204989628644,-0.0022550826598294986
2025-01-22,9,102,2025-01,183.0,-0.0032039204989628644,-0.0022550826598294986
2025-01-23,9,102,2025-01,183.0,-0.0032039204989628644,-0.0022550826598294986
2025-01-24,8,100,2025-01,183.0,-0.0032039204989628644,-0.0022550826598294986
2025-01-25,0,100,2025-01,183.0,-0.0032039204989628644,-0.0022550826598294986
2025-01-26,0,100,2025-01,183.0,-0.0032039204989628644,-0.0022550826598294986
2025-01-27,7,96,2025-01,183.0,-0.0032039204989628644,-0.0022550826598294986
2025-01-28,8,94,2025-01,183.0,-0.0032039204989628644,-0.0022550826598294986
2025-01-29,8,93,2025-01,183.0,-0.0032039204989628644,-0.0022550826598294986
2025-01-30,9,91,2025-01,183.0,-0.0032039204989628644,-0.0022550826598294986
2025-01-31,8,86,2025-01,183.0,-0.0032039204989628644,-0.0022550826598294986
2025-02-01,0,86,2025-02,125.0,0.06334301428973817,0.010306734143187203
2025-02-02,0,86,2025-02,125.0,0.06334301428973817,0.010306734143187203
2025-02-03,8,85,2025-02,125.0,0.06334301428973817,0.010306734143187203
2025-02-04,7,81,2025-02,125.0,0.06334301428973817,0.010306734143187203
2025-02-05,6,78,2025-02,125.0,0.06334301428973817,0.010306734143187203
2025-02-06,5,74,2025-02,125.0,0.06334301428973817,0.010306734143187203
2025-02-07,3,69,2025-02,125.0,0.06334301428973817,0.010306734143187203
2025-02-08,0,69,2025-02,125.0,0.06334301428973817,0.010306734143187203
2025-02-09,0,69,2025-02,125.0,0.06334301428973817,0.010306734143187203
2025-02-10,5,67,2025-02,125.0,0.06334301428973817,0.010306734143187203
2025-02-11,2,61,2025-02,125.0,0.06334301428973817,0.010306734143187203
2025-02-12,3,56,2025-02,125.0,0.06334301428973817,0.010306734143187203
2025-02-13,0,47,2025-02,125.0,0.06334301428973817,0.010306734143187203
2025-02-14,0,39,2025-02,125.0,0.06334301428973817,0.010306734143187203
2025-02-15,0,39,2025-02,125.0,0.06334301428973817,0.010306734143187203
2025-02-16,0,39,2025-02,125.0,0.06334301428973817,0.010306734143187203
2025-02-17,4,35,2025-02,125.0,0.06334301428973817,0.010306734143187203
2025-02-18,3,31,2025-02,125.0,0.06334301428973817,0.010306734143187203
2025-02-19,6,31,2025-02,125.0,0.06334301428973817,0.010306734143187203
2025-02-20,5,31,2025-02,125.0,0.06334301428973817,0.010306734143187203
2025-02-21,5,33,2025-02,125.0,0.06334301428973817,0.010306734143187203
2025-02-22,0,33,2025-02,125.0,0.06334301428973817,0.010306734143187203
2025-02-23,0,33,2025-02,125.0,0.06334301428973817,0.010306734143187203
2025-02-24,5,33,2025-02,125.0,0.06334301428973817,0.010306734143187203
2025-02-25,5,36,2025-02,125.0,0.06334301428973817,0.010306734143187203
2025-02-26,4,37,2025-02,125.0,0.06334301428973817,0.010306734143187203
2025-02-27,6,43,2025-02,125.0,0.06334301428973817,0.010306734143187203
2025-02-28,6,49,2025-02,125.0,0.06334301428973817,0.010306734143187203
2025-03-01,0,49,2025-03,94.0,0.2665990425637634,0.027699135263014554
2025-03-02,0,49,2025-03,94.0,0.2665990425637634,0.027699135263014554
2025-03-03,7,52,2025-03,94.0,0.2665990425637634,0.027699135263014554
2025-03-04,4,53,2025-03,94.0,0.2665990425637634,0.027699135263014554
2025-03-05,4,51,2025-03,94.0,0.2665990425637634,0.027699135263014554
2025-03-06,1,47,2025-03,94.0,0.2665990425637634,0.027699135263014554
2025-03-07,5,47,2025-03,94.0,0.2665990425637634,0.027699135263014554
2025-03-08,0,47,2025-03,94.0,0.2665990425637634,0.027699135263014554
2025-03-09,0,47,2025-03,94.0,0.2665990425637634,0.027699135263014554
2025-03-10,3,45,2025-03,94.0,0.2665990425637634,0.027699135263014554
2025-03-11,3,43,2025-03,94.0,0.2665990425637634,0.027699135263014554
2025-03-12,5,44,2025-03,94.0,0.2665990425637634,0.027699135263014554
2025-03-13,4,42,2025-03,94.0,0.2665990425637634,0.027699135263014554
2025-03-14,9,45,2025-03,94.0,0.2665990425637634,0.027699135263014554
2025-03-15,0,45,2025-03,94.0,0.2665990425637634,0.027699135263014554
2025-03-16,0,45,2025-03,94.0,0.2665990425637634,0.027699135263014554
2025-03-17,9,47,2025-03,94.0,0.2665990425637634,0.027699135263014554
2025-03-18,9,52,2025-03,94.0,0.2665990425637634,0.027699135263014554
2025-03-19,8,56,2025-03,94.0,0.2665990425637634,0.027699135263014554
2025-03-20,5,60,2025-03,94.0,0.2665990425637634,0.027699135263014554
2025-03-21,3,58,2025-03,94.0,0.2665990425637634,0.027699135263014554
2025-03-22,0,58,2025-03,94.0,0.2665990425637634,0.027699135263014554
2025-03-23,0,58,2025-03,94.0,0.2665990425637634,0.027699135263014554
2025-03-24,2,57,2025-03,94.0,0.2665990425637634,0.027699135263014554
2025-03-25,3,57,2025-03,94.0,0.2665990425637634,0.027699135263014554
2025-03-26,4,56,2025-03,94.0,0.2665990425637634,0.027699135263014554
2025-03-27,2,54,2025-03,94.0,0.2665990425637634,0.027699135263014554
2025-03-28,1,46,2025-03,94.0,0.2665990425637634,0.027699135263014554
2025-03-29,0,46,2025-03,94.0,0.2665990425637634,0.027699135263014554
2025-03-30,0,46,2025-03,94.0,0.2665990425637634,0.027699135263014554
2025-03-31,0,46,2025-03,94.0,0.2665990425637634,0.027699135263014554
2025-04-01,0,46,2025-04,63.0,0.2525408421757287,0.043630149924079105
2025-04-02,1,38,2025-04,63.0,0.2525408421757287,0.043630149924079105
2025-04-03,1,30,2025-04,63.0,0.2525408421757287,0.043630149924079105
2025-04-04,0,22,2025-04,63.0,0.2525408421757287,0.043630149924079105
2025-04-05,0,22,2025-04,63.0,0.2525408421757287,0.043630149924079105
2025-04-06,0,22,2025-04,63.0,0.2525408421757287,0.043630149924079105
2025-04-07,0,17,2025-04,63.0,0.2525408421757287,0.043630149924079105
2025-04-08,1,15,2025-04,63.0,0.2525408421757287,0.043630149924079105
2025-04-09,3,16,2025-04,63.0,0.2525408421757287,0.043630149924079105
2025-04-10,2,15,2025-04,63.0,0.2525408421757287,0.043630149924079105
2025-04-11,2,13,2025-04,63.0,0.2525408421757287,0.043630149924079105
2025-04-12,0,13,2025-04,63.0,0.2525408421757287,0.043630149924079105
2025-04-13,0,13,2025-04,63.0,0.2525408421757287,0.043630149924079105
2025-04-14,4,15,2025-04,63.0,0.2525408421757287,0.043630149924079105
2025-04-15,3,17,2025-04,63.0,0.2525408421757287,0.043630149924079105
2025-04-16,4,20,2025-04,63.0,0.2525408421757287,0.043630149924079105
2025-04-17,3,22,2025-04,63.0,0.2525408421757287,0.043630149924079105
2025-04-18,4,26,2025-04,63.0,0.2525408421757287,0.043630149924079105
2025-04-19,0,26,2025-04,63.0,0.2525408421757287,0.043630149924079105
2025-04-20,0,26,2025-04,63.0,0.2525408421757287,0.043630149924079105
2025-04-21,2,28,2025-04,63.0,0.2525408421757287,0.043630149924079105
2025-04-22,2,29,2025-04,63.0,0.2525408421757287,0.043630149924079105
2025-04-23,0,29,2025-04,63.0,0.2525408421757287,0.043630149924079105
2025-04-24,2,28,2025-04,63.0,0.2525408421757287,0.043630149924079105
2025-04-25,2,28,2025-04,63.0,0.2525408421757287,0.043630149924079105
2025-04-26,0,28,2025-04,63.0,0.2525408421757287,0.043630149924079105
2025-04-27,0,28,2025-04,63.0,0.2525408421757287,0.043630149924079105
2025-04-28,2,28,2025-04,63.0,0.2525408421757287,0.043630149924079105
2025-04-29,2,26,2025-04,63.0,0.2525408421757287,0.043630149924079105
2025-04-30,3,26,2025-04,63.0,0.2525408421757287,0.043630149924079105
2025-05-01,0,26,2025-05,68.0,0.2006987961351671,0.03363039085323355
2025-05-02,1,23,2025-05,68.0,0.2006987961351671,0.03363039085323355
2025-05-03,0,23,2025-05,68.0,0.2006987961351671,0.03363039085323355
2025-05-04,0,23,2025-05,68.0,0.2006987961351671,0.03363039085323355
2025-05-05,1,21,2025-05,68.0,0.2006987961351671,0.03363039085323355
2025-05-06,3,20,2025-05,68.0,0.2006987961351671,0.03363039085323355
2025-05-07,2,20,2025-05,68.0,0.2006987961351671,0.03363039085323355
2025-05-08,4,22,2025-05,68.0,0.2006987961351671,0.03363039085323355
2025-05-09,3,23,2025-05,68.0,0.2006987961351671,0.03363039085323355
2025-05-10,0,23,2025-05,68.0,0.2006987961351671,0.03363039085323355
2025-05-11,0,23,2025-05,68.0,0.2006987961351671,0.03363039085323355
2025-05-12,3,24,2025-05,68.0,0.2006987961351671,0.03363039085323355
2025-05-13,8,30,2025-05,68.0,0.2006987961351671,0.03363039085323355
2025-05-14,9,37,2025-05,68.0,0.2006987961351671,0.03363039085323355
2025-05-15,8,42,2025-05,68.0,0.2006987961351671,0.03363039085323355
2025-05-16,9,50,2025-05,68.0,0.2006987961351671,0.03363039085323355
2025-05-17,0,50,2025-05,68.0,0.2006987961351671,0.03363039085323355
2025-05-18,0,50,2025-05,68.0,0.2006987961351671,0.03363039085323355
2025-05-19,0,50,2025-05,68.0,0.2006987961351671,0.03363039085323355
2025-05-20,10,59,2025-05,68.0,0.2006987961351671,0.03363039085323355
2025-05-21,9,65,2025-05,68.0,0.2006987961351671,0.03363039085323355
2025-05-22,9,72,2025-05,68.0,0.2006987961351671,0.03363039085323355
2025-05-23,12,80,2025-05,68.0,0.2006987961351671,0.03363039085323355
2025-05-24,0,80,2025-05,68.0,0.2006987961351671,0.03363039085323355
2025-05-25,0,80,2025-05,68.0,0.2006987961351671,0.03363039085323355
2025-05-26,11,88,2025-05,68.0,0.2006987961351671,0.03363039085323355
2025-05-27,10,95,2025-05,68.0,0.2006987961351671,0.03363039085323355
2025-05-28,6,93,2025-05,68.0,0.2006987961351671,0.03363039085323355
2025-05-29,4,88,2025-05,68.0,0.2006987961351671,0.03363039085323355
2025-05-30,3,83,2025-05,68.0,0.2006987961351671,0.03363039085323355
2025-05-31,0,83,2025-05,68.0,0.2006987961351671,0.03363039085323355
2025-06-01,0,83,2025-06,113.0,-0.012456247133010245,0.00895649955147319
2025-06-02,1,75,2025-06,113.0,-0.012456247133010245,0.00895649955147319
2025-06-03,1,66,2025-06,113.0,-0.012456247133010245,0.00895649955147319
2025-06-04,0,57,2025-06,113.0,-0.012456247133010245,0.00895649955147319
2025-06-05,3,51,2025-06,113.0,-0.012456247133010245,0.00895649955147319
2025-06-06,0,51,2025-06,113.0,-0.012456247133010245,0.00895649955147319
2025-06-07,0,51,2025-06,113.0,-0.012456247133010245,0.00895649955147319
2025-06-08,0,51,2025-06,113.0,-0.012456247133010245,0.00895649955147319
2025-06-09,0,51,2025-06,113.0,-0.012456247133010245,0.00895649955147319
2025-06-10,1,40,2025-06,113.0,-0.012456247133010245,0.00895649955147319
2025-06-11,5,34,2025-06,113.0,-0.012456247133010245,0.00895649955147319
2025-06-12,5,29,2025-06,113.0,-0.012456247133010245,0.00895649955147319
2025-06-13,9,32,2025-06,113.0,-0.012456247133010245,0.00895649955147319
2025-06-14,0,32,2025-06,113.0,-0.012456247133010245,0.00895649955147319
2025-06-15,0,32,2025-06,113.0,-0.012456247133010245,0.00895649955147319
2025-06-16,5,33,2025-06,113.0,-0.012456247133010245,0.00895649955147319
2025-06-17,10,40,2025-06,113.0,-0.012456247133010245,0.00895649955147319
2025-06-18,8,47,2025-06,113.0,-0.012456247133010245,0.00895649955147319
2025-06-19,7,53,2025-06,113.0,-0.012456247133010245,0.00895649955147319
2025-06-20,7,60,2025-06,113.0,-0.012456247133010245,0.00895649955147319
2025-06-21,0,60,2025-06,113.0,-0.012456247133010245,0.00895649955147319
2025-06-22,0,60,2025-06,113.0,-0.012456247133010245,0.00895649955147319
2025-06-23,6,63,2025-06,113.0,-0.012456247133010245,0.00895649955147319
2025-06-24,4,66,2025-06,113.0,-0.012456247133010245,0.00895649955147319
2025-06-25,4,65,2025-06,113.0,-0.012456247133010245,0.00895649955147319
2025-06-26,7,67,2025-06,113.0,-0.012456247133010245,0.00895649955147319
2025-06-27,4,62,2025-06,113.0,-0.012456247133010245,0.00895649955147319
2025-06-28,0,62,2025-06,113.0,-0.012456247133010245,0.00895649955147319
2025-06-29,0,62,2025-06,113.0,-0.012456247133010245,0.00895649955147319
2025-06-30,4,61,2025-06,113.0,-0.012456247133010245,0.00895649955147319
2025-07-01,6,57,2025-07,167.0,0.7924366277660546,0.10201440374705512
2025-07-02,2,51,2025-07,167.0,0.7924366277660546,0.10201440374705512
2025-07-03,7,51,2025-07,167.0,0.7924366277660546,0.10201440374705512
2025-07-04,8,52,2025-07,167.0,0.7924366277660546,0.10201440374705512
2025-07-05,0,52,2025-07,167.0,0.7924366277660546,0.10201440374705512
2025-07-06,0,52,2025-07,167.0,0.7924366277660546,0.10201440374705512
2025-07-07,7,53,2025-07,167.0,0.7924366277660546,0.10201440374705512
2025-07-08,7,56,2025-07,167.0,0.7924366277660546,0.10201440374705512
2025-07-09,8,60,2025-07,167.0,0.7924366277660546,0.10201440374705512
2025-07-10,10,63,2025-07,167.0,0.7924366277660546,0.10201440374705512
2025-07-11,10,69,2025-07,167.0,0.7924366277660546,0.10201440374705512
2025-07-12,0,69,2025-07,167.0,0.7924366277660546,0.10201440374705512
2025-07-13,0,69,2025-07,167.0,0.7924366277660546,0.10201440374705512
2025-07-14,16,81,2025-07,167.0,0.7924366277660546,0.10201440374705512
2025-07-15,0,81,2025-07,167.0,0.7924366277660546,0.10201440374705512
2025-07-16,15,90,2025-07,167.0,0.7924366277660546,0.10201440374705512
2025-07-17,10,98,2025-07,167.0,0.7924366277660546,0.10201440374705512
2025-07-18,13,104,2025-07,167.0,0.7924366277660546,0.10201440374705512
2025-07-19,0,104,2025-07,167.0,0.7924366277660546,0.10201440374705512
2025-07-20,0,104,2025-07,167.0,0.7924366277660546,0.10201440374705512
2025-07-21,12,108,2025-07,167.0,0.7924366277660546,0.10201440374705512
2025-07-22,14,115,2025-07,167.0,0.7924366277660546,0.10201440374705512
2025-07-23,16,124,2025-07,167.0,0.7924366277660546,0.10201440374705512
2025-07-24,15,131,2025-07,167.0,0.7924366277660546,0.10201440374705512
2025-07-25,19,140,2025-07,167.0,0.7924366277660546,0.10201440374705512
2025-07-26,0,140,2025-07,167.0,0.7924366277660546,0.10201440374705512
2025-07-27,0,140,2025-07,167.0,0.7924366277660546,0.10201440374705512
2025-07-28,23,153,2025-07,167.0,0.7924366277660546,0.10201440374705512
2025-07-29,19,156,2025-07,167.0,0.7924366277660546,0.10201440374705512
2025-07-30,17,158,2025-07,167.0,0.7924366277660546,0.10201440374705512
2025-07-31,19,167,2025-07,167.0,0.7924366277660546,0.10201440374705512
2025-08-01,18,172,2025-08,332.0,0.7231371680465944,0.0859298467111423
2025-08-02,0,172,2025-08,332.0,0.7231371680465944,0.0859298467111423
2025-08-03,0,172,2025-08,332.0,0.7231371680465944,0.0859298467111423
2025-08-04,19,179,2025-08,332.0,0.7231371680465944,0.0859298467111423
2025-08-05,19,184,2025-08,332.0,0.7231371680465944,0.0859298467111423
2025-08-06,17,185,2025-08,332.0,0.7231371680465944,0.0859298467111423
2025-08-07,13,183,2025-08,332.0,0.7231371680465944,0.0859298467111423
2025-08-08,11,175,2025-08,332.0,0.7231371680465944,0.0859298467111423
2025-08-09,0,175,2025-08,332.0,0.7231371680465944,0.0859298467111423
2025-08-10,0,175,2025-08,332.0,0.7231371680465944,0.0859298467111423
2025-08-11,10,162,2025-08,332.0,0.7231371680465944,0.0859298467111423
2025-08-12,14,157,2025-08,332.0,0.7231371680465944,0.0859298467111423
2025-08-13,15,155,2025-08,332.0,0.7231371680465944,0.0859298467111423
2025-08-14,15,151,2025-08,332.0,0.7231371680465944,0.0859298467111423
2025-08-15,14,147,2025-08,332.0,0.7231371680465944,0.0859298467111423
2025-08-16,0,147,2025-08,332.0,0.7231371680465944,0.0859298467111423
2025-08-17,0,147,2025-08,332.0,0.7231371680465944,0.0859298467111423
2025-08-18,10,138,2025-08,332.0,0.7231371680465944,0.0859298467111423
2025-08-19,10,129,2025-08,332.0,0.7231371680465944,0.0859298467111423
2025-08-20,10,122,2025-08,332.0,0.7231371680465944,0.0859298467111423
2025-08-21,9,118,2025-08,332.0,0.7231371680465944,0.0859298467111423
2025-08-22,15,122,2025-08,332.0,0.7231371680465944,0.0859298467111423
2025-08-23,0,122,2025-08,332.0,0.7231371680465944,0.0859298467111423
2025-08-24,0,122,2025-08,332.0,0.7231371680465944,0.0859298467111423
2025-08-25,11,123,2025-08,332.0,0.7231371680465944,0.0859298467111423
2025-08-26,15,124,2025-08,332.0,0.7231371680465944,0.0859298467111423
2025-08-27,10,119,2025-08,332.0,0.7231371680465944,0.0859298467111423
2025-08-28,10,114,2025-08,332.0,0.7231371680465944,0.0859298467111423
2025-08-29,13,113,2025-08,332.0,0.7231371680465944,0.0859298467111423
2025-08-30,0,113,2025-08,332.0,0.7231371680465944,0.0859298467111423
2025-08-31,0,113,2025-08,332.0,0.7231371680465944,0.0859298467111423
2025-09-01,7,110,2025-09,199.0,0.11485293876964704,0.016408563898713237
2025-09-02,8,108,2025-09,199.0,0.11485293876964704,0.016408563898713237
2025-09-03,6,104,2025-09,199.0,0.11485293876964704,0.016408563898713237
2025-09-04,8,103,2025-09,199.0,0.11485293876964704,0.016408563898713237
2025-09-05,12,100,2025-09,199.0,0.11485293876964704,0.016408563898713237
2025-09-06,0,100,2025-09,199.0,0.11485293876964704,0.016408563898713237
2025-09-07,0,100,2025-09,199.0,0.11485293876964704,0.016408563898713237
2025-09-08,10,100,2025-09,199.0,0.11485293876964704,0.016408563898713237
2025-09-09,8,93,2025-09,199.0,0.11485293876964704,0.016408563898713237
2025-09-10,6,89,2025-09,199.0,0.11485293876964704,0.016408563898713237
2025-09-11,7,85,2025-09,199.0,0.11485293876964704,0.016408563898713237
2025-09-12,4,76,2025-09,199.0,0.11485293876964704,0.016408563898713237
2025-09-13,0,76,2025-09,199.0,0.11485293876964704,0.016408563898713237
2025-09-14,0,76,2025-09,199.0,0.11485293876964704,0.016408563898713237
2025-09-15,3,72,2025-09,199.0,0.11485293876964704,0.016408563898713237
2025-09-16,7,71,2025-09,199.0,0.11485293876964704,0.016408563898713237
2025-09-17,8,73,2025-09,199.0,0.11485293876964704,0.016408563898713237
2025-09-18,7,73,2025-09,199.0,0.11485293876964704,0.016408563898713237
2025-09-19,6,68,2025-09,199.0,0.11485293876964704,0.016408563898713237
2025-09-20,0,68,2025-09,199.0,0.11485293876964704,0.016408563898713237
2025-09-21,0,68,2025-09,199.0,0.11485293876964704,0.016408563898713237
2025-09-22,7,66,2025-09,199.0,0.11485293876964704,0.016408563898713237
2025-09-23,7,64,2025-09,199.0,0.11485293876964704,0.016408563898713237
2025-09-24,7,64,2025-09,199.0,0.11485293876964704,0.016408563898713237
2025-09-25,8,64,2025-09,199.0,0.11485293876964704,0.016408563898713237
2025-09-26,8,68,2025-09,199.0,0.11485293876964704,0.016408563898713237
2025-09-27,0,68,2025-09,199.0,0.11485293876964704,0.016408563898713237
2025-09-28,0,68,2025-09,199.0,0.11485293876964704,0.016408563898713237
2025-09-29,9,74,2025-09,199.0,0.11485293876964704,0.016408563898713237
2025-09-30,9,76,2025-09,199.0,0.11485293876964704,0.016408563898713237
2025-10-01,7,75,2025-10,148.0,0.15778815975649388,0.025220795475826244
2025-10-02,6,74,2025-10,148.0,0.15778815975649388,0.025220795475826244
2025-10-03,10,78,2025-10,148.0,0.15778815975649388,0.025220795475826244
2025-10-04,0,78,2025-10,148.0,0.15778815975649388,0.025220795475826244
2025-10-05,0,78,2025-10,148.0,0.15778815975649388,0.025220795475826244
2025-10-06,9,80,2025-10,148.0,0.15778815975649388,0.025220795475826244
2025-10-07,9,82,2025-10,148.0,0.15778815975649388,0.025220795475826244
2025-10-08,6,81,2025-10,148.0,0.15778815975649388,0.025220795475826244
2025-10-09,7,80,2025-10,148.0,0.15778815975649388,0.025220795475826244
2025-10-10,4,76,2025-10,148.0,0.15778815975649388,0.025220795475826244
2025-10-11,0,76,2025-10,148.0,0.15778815975649388,0.025220795475826244
2025-10-12,0,76,2025-10,148.0,0.15778815975649388,0.025220795475826244
2025-10-13,6,73,2025-10,148.0,0.15778815975649388,0.025220795475826244
2025-10-14,2,66,2025-10,148.0,0.15778815975649388,0.025220795475826244
2025-10-15,2,61,2025-10,148.0,0.15778815975649388,0.025220795475826244
2025-10-16,4,59,2025-10,148.0,0.15778815975649388,0.025220795475826244
2025-10-17,5,54,2025-10,148.0,0.15778815975649388,0.025220795475826244
2025-10-18,0,54,2025-10,148.0,0.15778815975649388,0.025220795475826244
2025-10-19,0,54,2025-10,148.0,0.15778815975649388,0.025220795475826244
2025-10-20,5,50,2025-10,148.0,0.15778815975649388,0.025220795475826244
2025-10-21,4,45,2025-10,148.0,0.15778815975649388,0.025220795475826244
2025-10-22,5,44,2025-10,148.0,0.15778815975649388,0.025220795475826244
2025-10-23,5,42,2025-10,148.0,0.15778815975649388,0.025220795475826244
2025-10-24,3,41,2025-10,148.0,0.15778815975649388,0.025220795475826244
2025-10-25,0,41,2025-10,148.0,0.15778815975649388,0.025220795475826244
2025-10-26,0,41,2025-10,148.0,0.15778815975649388,0.025220795475826244
2025-10-27,3,38,2025-10,148.0,0.15778815975649388,0.025220795475826244
2025-10-28,4,40,2025-10,148.0,0.15778815975649388,0.025220795475826244
2025-10-29,0,40,2025-10,148.0,0.15778815975649388,0.025220795475826244
2025-10-30,4,42,2025-10,148.0,0.15778815975649388,0.025220795475826244
2025-10-31,7,45,2025-10,148.0,0.15778815975649388,0.025220795475826244
2025-11-01,0,45,2025-11,128.0,0.19969748721693395,0.03439878886165805
2025-11-02,0,45,2025-11,128.0,0.19969748721693395,0.03439878886165805
2025-11-03,9,49,2025-11,128.0,0.19969748721693395,0.03439878886165805
2025-11-04,9,53,2025-11,128.0,0.19969748721693395,0.03439878886165805
2025-11-05,10,59,2025-11,128.0,0.19969748721693395,0.03439878886165805
2025-11-06,11,65,2025-11,128.0,0.19969748721693395,0.03439878886165805
2025-11-07,12,72,2025-11,128.0,0.19969748721693395,0.03439878886165805
2025-11-08,0,72,2025-11,128.0,0.19969748721693395,0.03439878886165805
2025-11-09,0,72,2025-11,128.0,0.19969748721693395,0.03439878886165805
2025-11-10,8,77,2025-11,128.0,0.19969748721693395,0.03439878886165805
2025-11-11,8,82,2025-11,128.0,0.19969748721693395,0.03439878886165805
2025-11-12,5,83,2025-11,128.0,0.19969748721693395,0.03439878886165805
2025-11-13,5,84,2025-11,128.0,0.19969748721693395,0.03439878886165805
2025-11-14,6,83,2025-11,128.0,0.19969748721693395,0.03439878886165805
2025-11-15,0,83,2025-11,128.0,0.19969748721693395,0.03439878886165805
2025-11-16,0,83,2025-11,128.0,0.19969748721693395,0.03439878886165805
2025-11-17,6,80,2025-11,128.0,0.19969748721693395,0.03439878886165805
2025-11-18,5,76,2025-11,128.0,0.19969748721693395,0.03439878886165805
2025-11-19,4,70,2025-11,128.0,0.19969748721693395,0.03439878886165805
2025-11-20,6,65,2025-11,128.0,0.19969748721693395,0.03439878886165805
2025-11-21,3,57,2025-11,128.0,0.19969748721693395,0.03439878886165805
2025-11-22,0,57,2025-11,128.0,0.19969748721693395,0.03439878886165805
2025-11-23,0,57,2025-11,128.0,0.19969748721693395,0.03439878886165805
2025-11-24,2,50,2025-11,128.0,0.19969748721693395,0.03439878886165805
2025-11-25,5,47,2025-11,128.0,0.19969748721693395,0.03439878886165805
2025-11-26,4,46,2025-11,128.0,0.19969748721693395,0.03439878886165805
2025-11-27,5,46,2025-11,128.0,0.19969748721693395,0.03439878886165805
2025-11-28,3,43,2025-11,128.0,0.19969748721693395,0.03439878886165805
2025-11-29,0,43,2025-11,128.0,0.19969748721693395,0.03439878886165805
2025-11-30,0,43,2025-11,128.0,0.19969748721693395,0.03439878886165805
2025-12-01,3,40,2025-12,90.0,0.019931060561807643,0.0005330641063029187
2025-12-02,2,37,2025-12,90.0,0.019931060561807643,0.0005330641063029187
2025-12-03,3,36,2025-12,90.0,0.019931060561807643,0.0005330641063029187
2025-12-04,5,35,2025-12,90.0,0.019931060561807643,0.0005330641063029187
2025-12-05,4,36,2025-12,90.0,0.019931060561807643,0.0005330641063029187
2025-12-06,0,36,2025-12,90.0,0.019931060561807643,0.0005330641063029187
2025-12-07,0,36,2025-12,90.0,0.019931060561807643,0.0005330641063029187
2025-12-08,4,38,2025-12,90.0,0.019931060561807643,0.0005330641063029187
2025-12-09,5,38,2025-12,90.0,0.019931060561807643,0.0005330641063029187
2025-12-10,3,37,2025-12,90.0,0.019931060561807643,0.0005330641063029187
2025-12-11,3,35,2025-12,90.0,0.019931060561807643,0.0005330641063029187
2025-12-12,5,37,2025-12,90.0,0.019931060561807643,0.0005330641063029187
2025-12-13,0,37,2025-12,90.0,0.019931060561807643,0.0005330641063029187
2025-12-14,0,37,2025-12,90.0,0.019931060561807643,0.0005330641063029187
2025-12-15,4,38,2025-12,90.0,0.019931060561807643,0.0005330641063029187
2025-12-16,3,39,2025-12,90.0,0.019931060561807643,0.0005330641063029187
2025-12-17,3,39,2025-12,90.0,0.019931060561807643,0.0005330641063029187
2025-12-18,4,38,2025-12,90.0,0.019931060561807643,0.0005330641063029187
2025-12-19,3,37,2025-12,90.0,0.019931060561807643,0.0005330641063029187
2025-12-20,0,37,2025-12,90.0,0.019931060561807643,0.0005330641063029187
2025-12-21,0,37,2025-12,90.0,0.019931060561807643,0.0005330641063029187
2025-12-22,4,37,2025-12,90.0,0.019931060561807643,0.0005330641063029187
2025-12-23,4,36,2025-12,90.0,0.019931060561807643,0.0005330641063029187
2025-12-24,2,35,2025-12,90.0,0.019931060561807643,0.0005330641063029187
2025-12-25,3,35,2025-12,90.0,0.019931060561807643,0.0005330641063029187
2025-12-26,3,33,2025-12,90.0,0.019931060561807643,0.0005330641063029187
2025-12-27,0,33,2025-12,90.0,0.019931060561807643,0.0005330641063029187
2025-12-28,0,33,2025-12,90.0,0.019931060561807643,0.0005330641063029187
2025-12-29,5,34,2025-12,90.0,0.019931060561807643,0.0005330641063029187
2025-12-30,6,37,2025-12,90.0,0.019931060561807643,0.0005330641063029187
2025-12-31,6,40,2025-12,90.0,0.019931060561807643,0.0005330641063029187
2026-01-01,0,40,2026-01,163.0,0.16253520127484136,0.0016411276501647964
2026-01-02,5,41,2026-01,163.0,0.16253520127484136,0.0016411276501647964
2026-01-03,0,41,2026-01,163.0,0.16253520127484136,0.0016411276501647964
2026-01-04,0,41,2026-01,163.0,0.16253520127484136,0.0016411276501647964
2026-01-05,10,48,2026-01,163.0,0.16253520127484136,0.0016411276501647964
2026-01-06,8,52,2026-01,163.0,0.16253520127484136,0.0016411276501647964
2026-01-07,9,57,2026-01,163.0,0.16253520127484136,0.0016411276501647964
2026-01-08,8,63,2026-01,163.0,0.16253520127484136,0.0016411276501647964
2026-01-09,11,71,2026-01,163.0,0.16253520127484136,0.0016411276501647964
2026-01-10,0,71,2026-01,163.0,0.16253520127484136,0.0016411276501647964
2026-01-11,0,71,2026-01,163.0,0.16253520127484136,0.0016411276501647964
2026-01-12,12,80,2026-01,163.0,0.16253520127484136,0.0016411276501647964
2026-01-13,15,90,2026-01,163.0,0.16253520127484136,0.0016411276501647964
2026-01-14,15,99,2026-01,163.0,0.16253520127484136,0.0016411276501647964
2026-01-15,15,109,2026-01,163.0,0.16253520127484136,0.0016411276501647964
2026-01-16,15,119,2026-01,163.0,0.16253520127484136,0.0016411276501647964
2026-01-17,0,119,2026-01,163.0,0.16253520127484136,0.0016411276501647964
2026-01-18,0,119,2026-01,163.0,0.16253520127484136,0.0016411276501647964
2026-01-19,24,135,2026-01,163.0,0.16253520127484136,0.0016411276501647964
2026-01-20,26,155,2026-01,163.0,0.16253520127484136,0.0016411276501647964
2026-01-21,24,167,2026-01,163.0,0.16253520127484136,0.0016411276501647964
2026-01-22,20,177,2026-01,163.0,0.16253520127484136,0.0016411276501647964
2026-01-23,26,192,2026-01,163.0,0.16253520127484136,0.0016411276501647964
2026-01-24,0,192,2026-01,163.0,0.16253520127484136,0.0016411276501647964
2026-01-25,0,192,2026-01,163.0,0.16253520127484136,0.0016411276501647964
2026-01-26,26,206,2026-01,163.0,0.16253520127484136,0.0016411276501647964
2026-01-27,41,232,2026-01,163.0,0.16253520127484136,0.0016411276501647964
2026-01-28,40,257,2026-01,163.0,0.16253520127484136,0.0016411276501647964
2026-01-29,34,276,2026-01,163.0,0.16253520127484136,0.0016411276501647964
2026-01-30,33,294,2026-01,163.0,0.16253520127484136,0.0016411276501647964
2026-01-31,0,294,2026-01,163.0,0.16253520127484136,0.0016411276501647964
2026-02-01,0,294,2026-02,488.0,0.34634400438633617,0.030777740997615422
2026-02-02,34,304,2026-02,488.0,0.34634400438633617,0.030777740997615422
2026-02-03,24,303,2026-02,488.0,0.34634400438633617,0.030777740997615422
2026-02-04,26,304,2026-02,488.0,0.34634400438633617,0.030777740997615422
2026-02-05,27,311,2026-02,488.0,0.34634400438633617,0.030777740997615422
2026-02-06,27,314,2026-02,488.0,0.34634400438633617,0.030777740997615422
2026-02-07,0,314,2026-02,488.0,0.34634400438633617,0.030777740997615422
2026-02-08,0,314,2026-02,488.0,0.34634400438633617,0.030777740997615422
2026-02-09,17,304,2026-02,488.0,0.34634400438633617,0.030777740997615422
2026-02-10,17,281,2026-02,488.0,0.34634400438633617,0.030777740997615422
2026-02-11,10,251,2026-02,488.0,0.34634400438633617,0.030777740997615422
2026-02-12,6,222,2026-02,488.0,0.34634400438633617,0.030777740997615422
2026-02-13,6,196,2026-02,488.0,0.34634400438633617,0.030777740997615422
2026-02-14,0,196,2026-02,488.0,0.34634400438633617,0.030777740997615422
2026-02-15,0,196,2026-02,488.0,0.34634400438633617,0.030777740997615422
2026-02-16,6,166,2026-02,488.0,0.34634400438633617,0.030777740997615422
2026-02-17,7,149,2026-02,488.0,0.34634400438633617,0.030777740997615422
2026-02-18,7,130,2026-02,488.0,0.34634400438633617,0.030777740997615422
2026-02-19,6,109,2026-02,488.0,0.34634400438633617,0.030777740997615422
2026-02-20,4,86,2026-02,488.0,0.34634400438633617,0.030777740997615422
2026-02-21,0,86,2026-02,488.0,0.34634400438633617,0.030777740997615422
2026-02-22,0,86,2026-02,488.0,0.34634400438633617,0.030777740997615422
2026-02-23,5,74,2026-02,488.0,0.34634400438633617,0.030777740997615422
2026-02-24,5,62,2026-02,488.0,0.34634400438633617,0.030777740997615422
2026-02-25,4,56,2026-02,488.0,0.34634400438633617,0.030777740997615422
2026-02-26,3,53,2026-02,488.0,0.34634400438633617,0.030777740997615422
2026-02-27,2,49,2026-02,488.0,0.34634400438633617,0.030777740997615422
2026-02-28,0,49,2026-02,488.0,0.34634400438633617,0.030777740997615422
2026-03-01,0,49,2026-03,68.0,-0.40404033017517743,-0.03949061256659454
2026-03-02,2,45,2026-03,68.0,-0.40404033017517743,-0.03949061256659454
2026-03-03,2,40,2026-03,68.0,-0.40404033017517743,-0.03949061256659454
2026-03-04,0,33,2026-03,68.0,-0.40404033017517743,-0.03949061256659454
2026-03-05,1,28,2026-03,68.0,-0.40404033017517743,-0.03949061256659454
2026-03-06,2,26,2026-03,68.0,-0.40404033017517743,-0.03949061256659454
2026-03-07,0,26,2026-03,68.0,-0.40404033017517743,-0.03949061256659454
2026-03-08,0,26,2026-03,68.0,-0.40404033017517743,-0.03949061256659454
2026-03-09,2,23,2026-03,68.0,-0.40404033017517743,-0.03949061256659454
2026-03-10,0,18,2026-03,68.0,-0.40404033017517743,-0.03949061256659454
2026-03-11,2,16,2026-03,68.0,-0.40404033017517743,-0.03949061256659454
2026-03-12,3,16,2026-03,68.0,-0.40404033017517743,-0.03949061256659454
2026-03-13,3,17,2026-03,68.0,-0.40404033017517743,-0.03949061256659454
2026-03-14,0,17,2026-03,68.0,-0.40404033017517743,-0.03949061256659454
2026-03-15,0,17,2026-03,68.0,-0.40404033017517743,-0.03949061256659454
2026-03-16,2,17,2026-03,68.0,-0.40404033017517743,-0.03949061256659454
2026-03-17,2,17,2026-03,68.0,-0.40404033017517743,-0.03949061256659454
2026-03-18,1,18,2026-03,68.0,-0.40404033017517743,-0.03949061256659454
2026-03-19,1,18,2026-03,68.0,-0.40404033017517743,-0.03949061256659454
2026-03-20,0,18,2026-03,68.0,-0.40404033017517743,-0.03949061256659454
2026-03-21,0,18,2026-03,68.0,-0.40404033017517743,-0.03949061256659454
2026-03-22,0,18,2026-03,68.0,-0.40404033017517743,-0.03949061256659454
2026-03-23,1,17,2026-03,68.0,-0.40404033017517743,-0.03949061256659454
2026-03-24,1,16,2026-03,68.0,-0.40404033017517743,-0.03949061256659454
2026-03-25,2,18,2026-03,68.0,-0.40404033017517743,-0.03949061256659454
2026-03-26,2,18,2026-03,68.0,-0.40404033017517743,-0.03949061256659454
2026-03-27,1,16,2026-03,68.0,-0.40404033017517743,-0.03949061256659454
2026-03-28,0,16,2026-03,68.0,-0.40404033017517743,-0.03949061256659454
2026-03-29,0,16,2026-03,68.0,-0.40404033017517743,-0.03949061256659454
2026-03-30,1,14,2026-03,68.0,-0.40404033017517743,-0.03949061256659454
2026-03-31,1,13,2026-03,68.0,-0.40404033017517743,-0.03949061256659454
2026-04-01,3,14,2026-04,61.0,0.5451941302755701,0.10856575282999868
2026-04-02,1,14,2026-04,61.0,0.5451941302755701,0.10856575282999868
2026-04-03,3,16,2026-04,61.0,0.5451941302755701,0.10856575282999868
2026-04-04,0,16,2026-04,61.0,0.5451941302755701,0.10856575282999868
2026-04-05,0,16,2026-04,61.0,0.5451941302755701,0.10856575282999868
2026-04-06,1,16,2026-04,61.0,0.5451941302755701,0.10856575282999868
2026-04-07,2,17,2026-04,61.0,0.5451941302755701,0.10856575282999868
2026-04-08,3,18,2026-04,61.0,0.5451941302755701,0.10856575282999868
2026-04-09,3,19,2026-04,61.0,0.5451941302755701,0.10856575282999868
2026-04-10,6,24,2026-04,61.0,0.5451941302755701,0.10856575282999868
2026-04-11,0,24,2026-04,61.0,0.5451941302755701,0.10856575282999868
2026-04-12,0,24,2026-04,61.0,0.5451941302755701,0.10856575282999868
2026-04-13,9,32,2026-04,61.0,0.5451941302755701,0.10856575282999868
2026-04-14,9,40,2026-04,61.0,0.5451941302755701,0.10856575282999868
2026-04-15,8,45,2026-04,61.0,0.5451941302755701,0.10856575282999868
2026-04-16,9,53,2026-04,61.0,0.5451941302755701,0.10856575282999868
2026-04-17,8,58,2026-04,61.0,0.5451941302755701,0.10856575282999868
2026-04-18,0,58,2026-04,61.0,0.5451941302755701,0.10856575282999868
2026-04-19,0,58,2026-04,61.0,0.5451941302755701,0.10856575282999868
2026-04-20,13,70,2026-04,61.0,0.5451941302755701,0.10856575282999868
2026-04-21,17,85,2026-04,61.0,0.5451941302755701,0.10856575282999868
2026-04-22,19,101,2026-04,61.0,0.5451941302755701,0.10856575282999868
2026-04-23,0,101,2026-04,61.0,0.5451941302755701,0.10856575282999868
2026-04-24,23,121,2026-04,61.0,0.5451941302755701,0.10856575282999868
2026-04-25,0,121,2026-04,61.0,0.5451941302755701,0.10856575282999868
2026-04-26,0,121,2026-04,61.0,0.5451941302755701,0.10856575282999868
2026-04-27,21,136,2026-04,61.0,0.5451941302755701,0.10856575282999868
2026-04-28,0,127,2026-04,61.0,0.5451941302755701,0.10856575282999868
2026-04-29,0,118,2026-04,61.0,0.5451941302755701,0.10856575282999868
2026-04-30,0,110,2026-04,61.0,0.5451941302755701,0.10856575282999868
