event,tpos,bank,beta,crush,fwd,xb_fwd,rel,alpha
2017-11-27,3500,AKBNK,-0.09435495865362319,0.054684027162851145,0.06857146897557365,0.06577937644754028,0.002792092528033363,0.07477807932054242
2017-11-27,3500,ALBRK,-0.004056821116884484,0.015020835163521151,0.03571353994982451,0.06577937644754028,-0.03006583649771577,0.03598039511325239
2017-11-27,3500,GARAN,-0.1053606598272401,0.08077831760060494,0.09229124751071827,0.06577937644754028,0.026511871063177983,0.09922180601625552
2017-11-27,3500,HALKB,-0.04832779248652006,-0.015368987184946725,0.21965315212382985,0.06577937644754028,0.15387377567628957,0.22283212417867926
2017-11-27,3500,ICBCT,0.10941245650675373,-0.305149617550055,0.17380347955398556,0.06577937644754028,0.10802410310644528,0.1666063963893777
2017-11-27,3500,ISCTR,-0.0844498631783237,0.02001501394863603,0.0928690946613544,0.06577937644754028,0.027089718213814118,0.09842415400230463
2017-11-27,3500,SKBNK,-0.0442061744542842,0.02229320263644541,0.10077551597451007,0.06577937644754028,0.03499613952696978,0.10368337056524407
2017-11-27,3500,TSKB,-0.13742669428375262,0.12985827815750162,0.04545392626688094,0.06577937644754028,-0.020325450180659344,0.05449376852411293
2017-11-27,3500,VAKBN,-0.10638480926592891,0.07102916321030073,0.13893965382232398,0.06577937644754028,0.0731602773747837,0.1459375802393273
2017-11-27,3500,YKBNK,-0.11535968575643224,0.05125509216743074,0.04962791624852758,0.06577937644754028,-0.0161514601990127,0.05721620444476989
2018-08-15,3683,AKBNK,-0.047714565720773615,0.02827712217110545,-0.0053002599871411205,0.022558841640138105,-0.027859101627279226,-0.004223874655118226
2018-08-15,3683,ALBRK,-0.11634311021733842,0.07340473185973473,0.11290400918749288,0.022558841640138105,0.09034516754735478,0.11552857498680695
2018-08-15,3683,GARAN,-0.1302046032048961,0.014975786758532728,0.041522554256147925,0.022558841640138105,0.01896371261600982,0.0444598192806642
2018-08-15,3683,HALKB,-0.1655294071851893,0.0724217288818183,0.041166423858674195,0.022558841640138105,0.01860758221853609,0.04490057554215082
2018-08-15,3683,ICBCT,0.1190956084629842,0.2322411342280477,0.2062780422477719,0.022558841640138105,0.1837192006076338,0.20359138327641957
2018-08-15,3683,ISCTR,-0.07842020225604346,-0.031361108893354195,0.041557662132557516,0.022558841640138105,0.01899882049241941,0.0433267310566392
2018-08-15,3683,SKBNK,-0.08652520005408013,0.04869616474461225,0.019608281368812985,0.022558841640138105,-0.00295056027132512,0.02156018965471425
2018-08-15,3683,TSKB,-0.1520162672236453,-0.010646637975631368,0.05555550642412177,0.022558841640138105,0.032996664783983665,0.0589848173231449
2018-08-15,3683,VAKBN,-0.12730796045211282,0.03936211326815264,0.005952446419502655,0.022558841640138105,-0.01660639522063545,0.008824366538870834
2018-08-15,3683,YKBNK,-0.16795021802575724,-0.037429308433516884,0.012195136806254281,0.022558841640138105,-0.010363704833883824,0.015983899178124008
2019-01-02,3776,AKBNK,-0.0636292781351747,-0.0500997473325705,0.19675106326797032,0.14196103219054002,0.0547900310774303,0.20578394126957866
2019-01-02,3776,ALBRK,-0.07148362346493096,-0.011212195054381424,0.040983799383505826,0.14196103219054002,-0.10097723280703419,0.051131688355307334
2019-01-02,3776,GARAN,-0.08677335538461946,0.016656596484277864,0.22281160076599016,0.14196103219054002,0.08085056857545014,0.23513003586302728
2019-01-02,3776,HALKB,-0.11506976406396197,0.011764808303465046,0.16133940868855334,0.14196103219054002,0.019378376498013328,0.1776748311689953
2019-01-02,3776,ICBCT,-0.08476297008295307,-0.4812600840146003,0.15584421750297928,0.14196103219054002,0.013883185312439261,0.16787725622749117
2019-01-02,3776,ISCTR,-0.071572906246937,0.08516513366505929,0.22815472810416337,0.14196103219054002,0.08619369591362336,0.2383152917518553
2019-01-02,3776,SKBNK,-0.10471076672778781,-0.029012717562481027,0.0970863714270842,0.14196103219054002,-0.04487466076345581,0.11195121995322382
2019-01-02,3776,TSKB,-0.0988139197777337,0.06944450631130883,0.0684930909416972,0.14196103219054002,-0.07346794124884282,0.08252081698813749
2019-01-02,3776,VAKBN,-0.09660574439680017,0.028179835542443743,0.17403318628658448,0.14196103219054002,0.03207215409604447,0.1877474374766897
2019-01-02,3776,YKBNK,-0.09799117144817644,0.008264674982479625,0.13725493487732998,0.14196103219054002,-0.004706097313210034,0.1511658627216733
2019-05-21,3873,AKBNK,-0.051367879899014215,0.03527400193691543,0.16485509398443443,0.12924554472002936,0.03560954926440507,0.17149416360309558
2019-05-21,3873,ALBRK,-0.046680360634333444,-0.11357932505705781,0.11111175616218882,0.12924554472002936,-0.018133788557840536,0.11714498480010066
2019-05-21,3873,GARAN,-0.08161805407233558,0.0023038572841226346,0.1777151625598854,0.12924554472002936,0.04846961783985604,0.1882639324174532
2019-05-21,3873,HALKB,-0.08039450725431868,-0.022240697992461644,0.06653613833017613,0.12924554472002936,-0.06270940638985323,0.0769267702127589
2019-05-21,3873,ICBCT,-0.07667576715615237,-0.05964729037179273,0.22878224237333278,0.12924554472002936,0.09953669765330342,0.23869224366625583
2019-05-21,3873,ISCTR,-0.026521468681725897,-0.02604900548678668,0.08418953598869039,0.12924554472002936,-0.04505600873133897,0.08761731765523526
2019-05-21,3873,SKBNK,-0.07985455036785767,0.002840806104383864,0.11764736201704307,0.12924554472002936,-0.011598182702986293,0.12796820687770985
2019-05-21,3873,TSKB,-0.12061878752500886,0.03619156721411376,0.10769231070647756,0.12924554472002936,-0.021553234013551803,0.1232817516036168
2019-05-21,3873,VAKBN,-0.08736228704520665,-0.0407883938239354,0.1592920192161149,0.12924554472002936,0.03004647449608555,0.1705832055932602
2019-05-21,3873,YKBNK,-0.068778065033534,0.015873137230271284,0.15591413151573885,0.12924554472002936,0.026668586795709492,0.16480338999578756
2019-10-13,3968,AKBNK,-0.05312215028437336,0.09037746495288967,0.08597268379382439,0.04617540818706689,0.0397972756067575,0.08842562076698005
2019-10-13,3968,ALBRK,-0.07934543112035569,0.09056926966322154,0.058824018316501636,0.04617540818706689,0.012648610129434745,0.06248782598626286
2019-10-13,3968,GARAN,-0.07215895742074799,0.08944052803421776,0.1600954944542985,0.04617540818706689,0.1139200862672316,0.1634274637675547
2019-10-13,3968,HALKB,-0.08253246137675735,-0.009350765158600782,0.04536866723742894,0.04617540818706689,-0.0008067409496379518,0.049179637330184045
2019-10-13,3968,ICBCT,-0.12985847371723203,0.2295330798206825,0.14058361073999182,0.04617540818706689,0.09440820255292492,0.1465798787704345
2019-10-13,3968,ISCTR,0.0007280624220920801,0.08364866935146309,0.0803575007132078,0.04617540818706689,0.034182092526140906,0.08032388213368204
2019-10-13,3968,SKBNK,-0.07750575765170746,0.08873753951894359,0.09677341311956789,0.04617540818706689,0.050598004932500995,0.10035227311598337
2019-10-13,3968,TSKB,-0.10196213690779529,0.08525893281423425,0.07142858767202598,0.04617540818706689,0.025253179484959087,0.07613673096336902
2019-10-13,3968,VAKBN,-0.06987700108514266,-0.015749436254842597,0.106537541169057,0.04617540818706689,0.06036213298199011,0.10976414021705158
2019-10-13,3968,YKBNK,-0.0018892457046184989,0.012458143473815353,0.13333336051299427,0.04617540818706689,0.08715795232592738,0.1334205972045707
2020-03-22,4081,AKBNK,-0.026678824245789132,0.05225933907409708,0.029574997680594572,-0.001710601508409848,0.03128559918900442,0.029529360843597124
2020-03-22,4081,ALBRK,-0.007387524980525404,0.011057483183824268,0.08737836141532762,-0.001710601508409848,0.08908896292373747,0.08736572430395252
2020-03-22,4081,GARAN,-0.02795872841253339,-0.005075239334929704,0.1199422758570674,-0.001710601508409848,0.12165287736547725,0.1198944496140717
2020-03-22,4081,HALKB,-0.035543127661852955,0.042705876599472004,0.08583693314701901,-0.001710601508409848,0.08754753465542886,0.08577613301922704
2020-03-22,4081,ICBCT,-0.0242680980532051,-0.0795925855045061,0.4143835638808273,-0.001710601508409848,0.41609416538923716,0.41434205083569126
2020-03-22,4081,ISCTR,-0.010748592204551936,0.0620943083292238,0.04615423748830372,-0.001710601508409848,0.047864838996713566,0.04613585093026533
2020-03-22,4081,SKBNK,-0.0408441430536081,-0.021621671052001856,0.1666672220054286,-0.001710601508409848,0.16837782351383845,0.16659735395271139
2020-03-22,4081,TSKB,-0.05411944433090161,0.03971172170658932,0.056179727048852435,-0.001710601508409848,0.05789032855726228,0.05608715024574569
2020-03-22,4081,VAKBN,-0.05476963598022967,0.07298054169791779,0.050458665929975055,-0.001710601508409848,0.0521692674383849,0.050364976908052216
2020-03-22,4081,YKBNK,0.02905393180688878,0.04916357913980751,0.06250003547061556,-0.001710601508409848,0.0642106369790254,0.06254973517018966
2020-08-05,4171,AKBNK,-0.060909399932424044,0.04050554817769747,0.07838977287828541,0.06471987684843983,0.013669896029845585,0.08233182174082426
2020-08-05,4171,ALBRK,-0.03845217295298712,0.04513904196686125,0.17777790595523313,0.06471987684843983,0.1130580291067933,0.18026652585330535
2020-08-05,4171,GARAN,-0.06949579104622211,0.013672577952528853,0.10664616044028219,0.06471987684843983,0.04192628359184236,0.11114391947827859
2020-08-05,4171,HALKB,-0.061812429148849324,0.0577476174518623,0.02964428795725116,0.06471987684843983,-0.03507558889118867,0.0336447807594676
2020-08-05,4171,ICBCT,-0.009150719807806493,0.10471086598404855,0.13076929425347017,0.06471987684843983,0.06604941740503034,0.13136152771250598
2020-08-05,4171,ISCTR,-0.05332875110725868,0.07835398433576657,0.09327612465831625,0.06471987684843983,0.028556247809876423,0.09672755486245913
2020-08-05,4171,SKBNK,-0.1331346211478192,0.14283919759588792,0.20155091682239457,0.06471987684843983,0.13683103997395474,0.21016737310734512
2020-08-05,4171,TSKB,-0.06658108543877986,0.05850268109193035,0.07619047214766095,0.06471987684843983,0.01147059529922112,0.08049959179769423
2020-08-05,4171,VAKBN,-0.07922833316470627,0.02943823836742132,0.041162244935423864,0.06471987684843983,-0.023557631913015964,0.04628989290075081
2020-08-05,4171,YKBNK,-0.07541442160271518,0.08160864747538632,0.05365856714429462,0.06471987684843983,-0.011061309704145206,0.05853937922301867
2021-12-21,4517,AKBNK,0.03617166553040479,0.01879765253846588,-0.032938096749512646,-0.02896049326873862,-0.003977603480774028,-0.031890547473400296
2021-12-21,4517,ALBRK,0.07045249939057932,-0.14467261747467364,-0.005464900354924973,-0.02896049326873862,0.023495592913813645,-0.003424561220558289
2021-12-21,4517,GARAN,-0.0006284917042050399,-0.048348918561567644,-0.03619534341125363,-0.02896049326873862,-0.007234850142515015,-0.036213544841022724
2021-12-21,4517,HALKB,-0.002796073269537028,-0.014833039998586095,0.0,-0.02896049326873862,0.02896049326873862,-8.097566110132709e-05
2021-12-21,4517,ICBCT,-0.05096649597318826,-0.0680096230227788,0.0036496315432303916,-0.02896049326873862,0.03261012481196901,0.002173616679667679
2021-12-21,4517,ISCTR,0.008989852351732615,0.05176709673773905,-0.029909200320006768,-0.02896049326873862,-0.0009487070512681495,-0.02964884976148746
2021-12-21,4517,SKBNK,-0.006435836573575472,-0.08598125763509812,0.0,-0.02896049326873862,0.02896049326873862,-0.00018638500176773427
2021-12-21,4517,TSKB,-0.012271387341325882,-0.04534997841940058,0.02040814591823481,-0.02896049326873862,0.04936863918697343,0.02005276048773826
2021-12-21,4517,VAKBN,-0.02655470912884318,-0.047552128753852174,-0.010498677809387513,-0.02896049326873862,0.018461815459351105,-0.011267715284366688
2021-12-21,4517,YKBNK,0.051214135434650684,-0.05518300607217663,0.008620677960177403,-0.02896049326873862,0.03758117122891602,0.010103864584696871
2022-02-23,4563,AKBNK,-0.04448550875033331,0.10108593049108516,0.0014306366918939162,0.01489288648542586,-0.013462249793531944,0.002093154323959049
2022-02-23,4563,ALBRK,-0.0034834730422979186,0.05306347256753119,0.0927150930930134,0.01489288648542586,0.07782220660758754,0.09276697206160739
2022-02-23,4563,GARAN,-0.052518784736831206,0.07721906135272993,0.06448672296484648,0.01489288648542586,0.04959383647942062,0.06526887926428462
2022-02-23,4563,HALKB,-0.0953683411425592,0.0543591683282173,0.07328603815170709,0.01489288648542586,0.05839315166628123,0.07470634803064659
2022-02-23,4563,ICBCT,-0.06563009183798249,0.027600150577951177,0.002169143547736674,0.01489288648542586,-0.012723742937689186,0.003146565055507821
2022-02-23,4563,ISCTR,-0.08270093058254954,0.13908527577237262,0.06307505852903716,0.01489288648542586,0.048182172043611304,0.06430671410044216
2022-02-23,4563,SKBNK,-0.07208573258434542,0.10319452509406313,0.043478152653937174,0.01489288648542586,0.028585266168511314,0.04455171728653459
2022-02-23,4563,TSKB,-0.11136331395765545,0.040313487716021834,0.046511688726807776,0.01489288648542586,0.031618802241381916,0.04817020992021998
2022-02-23,4563,VAKBN,-0.07089484206004072,0.053505781463990876,0.024539853969351322,0.01489288648542586,0.009646967483925462,0.025595682804553703
2022-02-23,4563,YKBNK,-0.08176640851080591,0.09074900904060057,0.042492857673885,0.01489288648542586,0.027599971188459138,0.04371059551415739
2022-07-04,4652,AKBNK,-0.06389243631838361,0.013438533755219972,0.10000004451225464,0.14913505627344725,-0.049135011761192615,0.10952864659804443
2022-07-04,4652,ALBRK,-0.06301362405625632,-4.785683452690481e-05,0.0661156585194349,0.14913505627344725,-0.08301939775401235,0.07551319888905854
2022-07-04,4652,GARAN,-0.09149137823356457,-0.020658637533417123,0.12100969415531848,0.14913505627344725,-0.02812536211812877,0.13465426599671637
2022-07-04,4652,HALKB,-0.15769017831072765,-0.07982171824587825,0.0726872084755179,0.14913505627344725,-0.07644784779792935,0.09620434209165821
2022-07-04,4652,ICBCT,-0.12634839564446196,0.0905025823551967,0.1714875821361832,0.14913505627344725,0.02235252586273595,0.19033055723067982
2022-07-04,4652,ISCTR,-0.13318574154063686,0.02067547096628608,0.11136369969991278,0.14913505627344725,-0.037771356573534476,0.13122636275939645
2022-07-04,4652,SKBNK,-0.06906865178029988,-0.052495501857612537,0.2571429245035579,0.14913505627344725,0.10800786823011066,0.26744348177354405
2022-07-04,4652,TSKB,-0.15469246731100997,-0.010402348505852865,0.18556697976541692,0.14913505627344725,0.036431923491969664,0.20863704958292278
2022-07-04,4652,VAKBN,-0.11194376233923682,-0.07816524490490695,0.0903789903049832,0.14913505627344725,-0.058756065968464055,0.10707372960090669
2022-07-04,4652,YKBNK,-0.08267200217704922,-0.0007498865386846854,0.10071945863631804,0.14913505627344725,-0.048415597637129215,0.11304875233323083
2022-09-28,4710,AKBNK,0.018015484982649124,0.09657033306703577,0.15541729401862625,0.15951199603336552,-0.004094702014739271,0.15254360804953476
2022-09-28,4710,ALBRK,0.07330038008270193,-0.137994978388416,0.13966481155890675,0.15951199603336552,-0.019847184474458768,0.1279725216219106
2022-09-28,4710,GARAN,-0.07794137736755007,-0.04087599814323495,0.1255318709915847,0.15951199603336552,-0.03398012504178083,0.1379644556690724
2022-09-28,4710,HALKB,0.06709149781088135,-0.04604582353797815,0.014306206687290102,0.15951199603336552,-0.14520578934607542,0.003604307954608244
2022-09-28,4710,ICBCT,-0.04342749996236622,0.09637967269255288,0.004538537422879241,0.15951199603336552,-0.15497345861048628,0.011465744624615182
2022-09-28,4710,ISCTR,0.047067311117683815,0.0817636407710357,0.09308529857447212,0.15951199603336552,-0.0664266974588934,0.08557749783016697
2022-09-28,4710,SKBNK,0.11190579670771036,-0.38050616420992434,-0.11518327491269309,0.15951199603336552,-0.2746952709460586,-0.133033591913244
2022-09-28,4710,TSKB,0.20385758262702156,-0.4022226612290146,-0.02390436184362299,0.15951199603336552,-0.1834163578769885,-0.056422091754995934
2022-09-28,4710,VAKBN,0.09996702113985668,0.10711971564543254,0.025568157573007122,0.15951199603336552,-0.1339438384603584,0.009622218493478937
2022-09-28,4710,YKBNK,0.04578910434775966,0.1250085807731739,0.1906116119134602,0.15951199603336552,0.03109961588009469,0.18330770048236902
2023-02-06,4803,AKBNK,0.03022939063763879,0.054853331518913695,0.08024704896236745,0.08536549267633298,-0.005118443713965526,0.07766650213728009
2023-02-06,4803,ALBRK,0.07141775757919697,0.213213121259047,-0.12727271753833747,0.08536549267633298,-0.21263821021467044,-0.13336932959992454
2023-02-06,4803,GARAN,-0.05693080921157674,-0.011185102204697484,0.03283052096101868,0.08536549267633298,-0.052534971715314294,0.03769044753782725
2023-02-06,4803,HALKB,0.042444939826949905,-0.021557222958544453,0.18275161483306301,0.08536549267633298,0.09738612215673004,0.17912828163311814
2023-02-06,4803,ICBCT,-0.02642786219700523,0.0962029781168664,-0.16105265366403676,0.08536549267633298,-0.24641814634036974,-0.15879662618720716
2023-02-06,4803,ISCTR,0.056580588651445024,0.03481192543192391,0.10184294132692462,0.08536549267633298,0.016477448650591642,0.09701291150077708
2023-02-06,4803,SKBNK,0.08776966286872379,0.0572238836304132,-0.06563703463834869,0.08536549267633298,-0.15100252731468167,-0.07312953515117294
2023-02-06,4803,TSKB,0.14878273967211822,0.13305691390321117,-0.019753110491998904,0.08536549267633298,-0.10511860316833188,-0.03245402236584387
2023-02-06,4803,VAKBN,0.03906856948691813,-0.02534172925959277,0.09659084197411016,0.08536549267633298,0.011225349297777187,0.09325573429169985
2023-02-06,4803,YKBNK,0.07620343265505805,0.022722384638610205,0.12725221405388298,0.08536549267633298,0.04188672137755001,0.1207470704816562
2023-05-04,4859,AKBNK,0.004366985143133719,-0.011146220530139361,-0.0707850846981235,-0.10581511805099841,0.03503003335287491,-0.07032299164967586
2023-05-04,4859,ALBRK,0.04590631552304959,-0.01584812207187325,-0.07142856427441002,-0.10581511805099841,0.03438655377658839,-0.06657098207805215
2023-05-04,4859,GARAN,-0.054752490108970285,0.10106125351812933,-0.09330320469460185,-0.10581511805099841,0.012511913356396565,-0.09909684589906867
2023-05-04,4859,HALKB,0.01957874102547656,0.004469964218421496,0.11057219624156134,-0.10581511805099841,0.21638731429255975,0.11264392303446207
2023-05-04,4859,ICBCT,-0.0483522302584336,0.07485192140177421,-0.03840469021819637,-0.10581511805099841,0.06741042783280204,-0.04352108717102158
2023-05-04,4859,ISCTR,0.030769113569886635,-0.048819504230919186,-0.034741812507302794,-0.10581511805099841,0.07107330554369562,-0.03148597512258066
2023-05-04,4859,SKBNK,0.07686112296486947,-0.06422136789955457,0.03333341434951698,-0.10581511805099841,0.1391485324005154,0.041466483149576946
2023-05-04,4859,TSKB,0.1338409583203867,0.03773145397867117,-0.06701035907812469,-0.10581511805099841,0.03880475897287372,-0.052847962273394215
2023-05-04,4859,VAKBN,0.026011555520729746,-0.008956518114999201,0.04551044038755547,-0.10581511805099841,0.1513255584385539,0.04826285620567159
2023-05-04,4859,YKBNK,0.042255828123719925,0.04481272143948123,-0.0674517672006737,-0.10581511805099841,0.03836335085032472,-0.06298046175941957
2023-12-26,5022,AKBNK,-0.01574680370218576,0.11365200315763335,0.14604228487645488,0.1786975706636067,-0.03265528578715182,0.14885620044375217
2023-12-26,5022,ALBRK,0.04739132555210657,-0.09966303529087106,0.06233067391167557,0.1786975706636067,-0.11636689675193113,0.05386195916498602
2023-12-26,5022,GARAN,-0.027497454958402397,0.03005172518846333,0.17668160645774433,0.1786975706636067,-0.002015964205862364,0.18159533485824278
2023-12-26,5022,HALKB,-0.05829669134619842,-0.12671177129757527,0.11759664241141277,0.1786975706636067,-0.06110092825219393,0.12801411953270453
2023-12-26,5022,ICBCT,0.010450837636535053,-0.022880079747809146,0.23157889382881036,0.1786975706636067,0.052881323165203664,0.22971135453176175
2023-12-26,5022,ISCTR,0.02020487170965329,0.005176720838918181,0.1512981891523404,0.1786975706636067,-0.027399381511266307,0.14768762766225552
2023-12-26,5022,SKBNK,-0.017775160535013955,-0.2933847439095256,0.0,0.1786975706636067,-0.1786975706636067,0.0031763780057626092
2023-12-26,5022,TSKB,-0.02964541954205963,-0.15208433448041225,0.22132468363184432,0.1786975706636067,0.042627112968237624,0.22662224808531378
2023-12-26,5022,VAKBN,-0.034886245707028855,-0.16758209703525628,0.19476268923352458,0.1786975706636067,0.01606511856991788,0.2009967765909443
2023-12-26,5022,YKBNK,0.005023356221834067,0.03736060846854827,0.2160750696195104,0.1786975706636067,0.0373774989559037,0.21517740806609073
2024-11-04,5234,AKBNK,0.0007231546092457608,0.044218505476544046,0.15409484721511668,0.10006282837211677,0.05403201884299991,0.15402248631956522
2024-11-04,5234,ALBRK,-0.028455110230502154,0.049773715003061714,0.1342684734171966,0.10006282837211677,0.034205645045079835,0.13711577222850102
2024-11-04,5234,GARAN,-0.03475213919365602,0.030579627763749007,0.1335039135460454,0.10006282837211677,0.03344108517392863,0.1369813108857441
2024-11-04,5234,HALKB,0.025028497749286553,0.06257083009501407,0.07123287223834551,0.10006282837211677,-0.028829956133771262,0.06872844996364674
2024-11-04,5234,ICBCT,-0.10257985669946598,0.17673651610824237,0.040971164594053144,0.10006282837211677,-0.05909166377806363,0.051235595189408144
2024-11-04,5234,ISCTR,-0.0008031230014901849,0.06906078472307564,0.15377627828433726,0.10006282837211677,0.05371344991222049,0.15385664104339708
2024-11-04,5234,SKBNK,-0.002393413307645992,0.16426600280258108,0.02518893046562365,0.10006282837211677,-0.07487389790649313,0.02542842217065017
2024-11-04,5234,TSKB,-0.16019279678963982,0.23936149693056907,0.026427990241511434,0.10006282837211677,-0.07363483813060534,0.04245733457312254
2024-11-04,5234,VAKBN,-0.0496554860804077,0.02558727939865002,0.21779622392332243,0.10006282837211677,0.11773339555120566,0.2227648923047203
2024-11-04,5234,YKBNK,0.012779018394354032,0.010917857715096346,0.15711800295307898,0.10006282837211677,0.05705517458096221,0.1558392982287206
2025-06-01,5377,AKBNK,0.12246954916749933,0.02115414720489417,0.12103741798378964,-0.005508408257862918,0.12654582624165256,0.12171203025976064
2025-06-01,5377,ALBRK,0.0791762991697692,0.041949832370408835,0.025260045003671072,-0.005508408257862918,0.03076845326153399,0.025696180383844854
2025-06-01,5377,GARAN,0.0848951426345093,0.012594550140261784,0.06215208569835351,-0.005508408257862918,0.06766049395621643,0.06261972280309389
2025-06-01,5377,HALKB,-0.024103804237885156,-0.03464878089606027,0.03017903711573755,-0.005508408257862918,0.03568744537360047,0.030046263521427672
2025-06-01,5377,ICBCT,-0.07135739249993824,0.23827559642093665,-0.04213294320790806,-0.005508408257862918,-0.03662453495004514,-0.04252600885801428
2025-06-01,5377,ISCTR,0.06339643461433263,0.017772305226623875,0.056169498236156024,-0.005508408257862918,0.06167790649401894,0.05651871168010468
2025-06-01,5377,SKBNK,-0.04465248619795102,-0.14984852423023154,0.05656103325237738,-0.005508408257862918,0.0620694415102403,0.05631506912867048
2025-06-01,5377,TSKB,-0.09115497147938906,0.06507187450551255,-0.00459562243534728,-0.005508408257862918,0.0009127858225156382,-0.005097741232989605
2025-06-01,5377,VAKBN,0.09071352042554746,0.028324086239436497,0.04749340081690545,-0.005508408257862918,0.05300180907476837,0.04799308792191735
2025-06-01,5377,YKBNK,0.09931425910531858,0.08388273284876924,0.045595067366332565,-0.005508408257862918,0.05110347562419548,0.04614213085131184
2025-10-16,5473,AKBNK,0.08322768146785141,0.04057021162337038,0.10488245648057726,0.08059364684166948,0.024288809638907782,0.09817483411290628
2025-10-16,5473,ALBRK,0.1227335301176635,0.13550990995021395,0.0865633312630727,0.08059364684166948,0.005969684421403221,0.07667178848113831
2025-10-16,5473,GARAN,0.09978680008052947,0.029591431952002867,0.11618251822098702,0.08059364684166948,0.035588871379317544,0.10814033609583655
2025-10-16,5473,HALKB,-0.07691313391397928,0.19904867345066501,0.05112314912570737,0.08059364684166948,-0.029470497715962107,0.05732185907785665
2025-10-16,5473,ICBCT,-0.03758940511115581,0.03512615981558864,0.02550336403823361,0.08059364684166948,-0.055090282803435864,0.02853283127875055
2025-10-16,5473,ISCTR,0.08682312853783891,-0.008160980508181481,0.11658038273842841,0.08059364684166948,0.03598673589675894,0.10958299017936095
2025-10-16,5473,SKBNK,-0.05416632267164947,0.07669831812255623,0.21492545896289483,0.08059364684166948,0.13433181212122536,0.21929092044300566
2025-10-16,5473,TSKB,0.005931336502051518,0.05663137321368106,0.09083201049367462,0.08059364684166948,0.010238363652005145,0.09035398245432917
2025-10-16,5473,VAKBN,0.14609949307438608,0.01641361284027243,0.12589284566288073,0.08059364684166948,0.04529919882121125,0.11411815471429672
2025-10-16,5473,YKBNK,0.08336583602866852,0.03830696973786685,0.17663612023007635,0.08059364684166948,0.09604247338840688,0.16991736348252132
2026-03-08,5572,AKBNK,0.12985994155497904,0.06854987230103582,-0.04483683761987667,-0.08596872062810668,0.04113188300823001,-0.033672944583554416
2026-03-08,5572,ALBRK,0.11873507823134902,0.09023452979478086,0.008663328580670981,-0.08596872062810668,0.09463204920877766,0.018870831349898216
2026-03-08,5572,GARAN,0.12078231993343101,0.03404143480588162,-0.043414285861141155,-0.08596872062810668,0.04255443476696552,-0.033030784341969426
2026-03-08,5572,HALKB,-0.1228143436979289,0.09992098072142397,-0.20276497622206746,-0.08596872062810668,-0.11679625559396078,-0.213323168224559
2026-03-08,5572,ICBCT,-0.006071951796788764,0.08145017867568527,0.14797141253053736,-0.08596872062810668,0.23394013315864404,0.1474494146028519
2026-03-08,5572,ISCTR,0.12506999945547395,0.02892001271717204,-0.055437122214703094,-0.08596872062810668,0.030531598413403582,-0.044685014372558
2026-03-08,5572,SKBNK,0.009542900504619017,0.2996643628257295,-0.006822675140053525,-0.08596872062810668,0.07914604548805315,-0.006002284192590114
2026-03-08,5572,TSKB,0.043183024061291424,0.054429505061541095,0.030716698224246386,-0.08596872062810668,0.11668541885235306,0.03442908755564836
2026-03-08,5572,VAKBN,0.11151422635161808,0.0886054944648299,-0.08086561044879503,-0.08596872062810668,0.005103110179311643,-0.07127887507751332
2026-03-08,5572,YKBNK,0.12472317340567193,0.10242141625093704,-0.04469917779614563,-0.08596872062810668,0.04126954283196105,-0.033976886145782516
