ticker,signal_date,close_t,bos_level,stop_ref,atr_14,volume_t,avg_volume_20,dollar_volume_t,setup_score,signal_type,quartet_rank,lh_bar_date,hl_bar_date,hh_bar_date,zone_high,zone_low,initial_risk_pct
AMD,2026-05-22,467.24,458.82,404.82935714285713,31.00214285714286,3261338.0,3659509.45,1523827567.1200001,0.2715941294380578,mb_1d_above_mb_fresh_bos,5,2026-05-11,2026-05-19,2026-05-22,455.08,418.32,0.1335729878801962
CDNS,2026-05-22,373.66,364.14,334.9629642857143,10.756785714285712,154400.0,161657.45,57693104.00000001,0.8850227431189652,mb_1d_above_mb_fresh_bos,2,2026-05-11,2026-05-19,2026-05-22,364.14,359.03,0.10356215734701528
CSCO,2026-05-22,120.39,118.94,113.04421428571429,4.319285714285712,1566389.0,1707954.5,188577571.71,0.3357036547048131,mb_1d_above_mb_fresh_bos,4,2026-05-18,2026-05-20,2026-05-22,118.23,114.65,0.06101657707688106
DELL,2026-05-22,295.2,260.28,233.66867857142856,17.671071428571427,1559293.0,531995.95,460303293.59999996,1.9761110774267883,mb_1d_above_mb_fresh_bos,5,2026-05-08,2026-05-12,2026-05-22,260.28,233.14,0.20843943573364307
DRI,2026-05-22,203.42,199.11,191.07339285714286,5.455357142857139,91474.0,57379.25,18607641.08,0.7900490998363296,mb_1d_above_mb_fresh_bos,2,2026-05-12,2026-05-13,2026-05-22,199.11,197.49,0.06069514867199452
ED,2026-05-22,108.54,108.18,105.68921428571429,2.0692857142857153,82473.0,108739.45,8951619.42,0.1739730755954432,mb_1d_above_mb_fresh_bos,0,2026-05-19,2026-05-20,2026-05-22,108.18,107.6,0.02626483982205381
EL,2026-05-22,88.32,86.66,75.00092857142857,3.7635714285714275,632686.0,250171.3,55878827.519999996,0.44107041184285367,mb_1d_above_mb_fresh_bos,3,2026-05-06,2026-05-19,2026-05-22,86.66,83.8,0.15080470367494814
EW,2026-05-22,85.81,84.16,80.47735714285713,2.442142857142857,310394.0,256918.09999999998,26634909.14,0.6756361509213243,mb_1d_above_mb_fresh_bos,0,2026-04-24,2026-04-29,2026-05-22,84.16,82.24,0.062144771671633514
F,2026-05-22,14.945,14.47,12.812285714285714,0.7257142857142854,9325611.0,5635203.75,139371256.395,0.6545275590551178,mb_1d_above_mb_fresh_bos,3,2026-05-14,2026-05-18,2026-05-22,14.47,13.75,0.14270420111838647
GPN,2026-05-22,73.27,72.83,66.95978571428572,2.7007142857142847,98731.0,169916.8,7234020.369999999,0.16291986247024517,mb_1d_above_mb_fresh_bos,1,2026-04-20,2026-04-24,2026-05-22,72.83,71.63,0.08612275536664776
HPE,2026-05-22,37.575,34.125,32.145857142857146,1.5971428571428568,2182866.0,1139401.6,82021189.95,2.1601073345259416,mb_1d_above_mb_fresh_bos,8,2026-05-14,2026-05-19,2026-05-22,34.125,33.805,0.14448816652409466
IT,2026-05-22,159.95,158.96,146.24817857142858,7.706071428571428,58308.0,115601.35,9326364.6,0.12847013023126228,mb_1d_above_mb_fresh_bos,0,2026-04-21,2026-04-23,2026-05-22,158.96,156.83,0.08566315366409133
LH,2026-05-22,259.91,258.04,252.43053571428572,5.198214285714288,45770.0,50546.1,11896080.700000001,0.35973892133287605,mb_1d_above_mb_fresh_bos,0,2026-05-07,2026-05-08,2026-05-22,258.04,257.75,0.02877713164447039
LMT,2026-05-22,533.25,528.29,519.3105,10.864999999999997,74539.0,89020.75,39747921.75,0.45651173492867353,mb_1d_above_mb_fresh_bos,1,2026-05-18,2026-05-20,2026-05-22,528.29,518.53,0.026140646976089924
MAA,2026-05-22,131.09,130.39,127.9467142857143,2.2442857142857173,31237.0,51378.95,4094858.33,0.31190324633991806,mb_1d_above_mb_fresh_bos,3,2026-04-28,2026-05-01,2026-05-22,130.39,125.99,0.023978073951374707
NDSN,2026-05-22,290.0,288.31,278.89489285714285,5.650357142857144,46372.0,23335.05,13447880.0,0.2990961380443709,mb_1d_above_mb_fresh_bos,1,2026-04-30,2026-05-04,2026-05-22,288.31,280.865,0.03829347290640397
PLD,2026-05-22,145.88,145.08,140.72878571428572,2.270714285714285,81350.0,129210.64999999998,11867338.0,0.3523120478137705,mb_1d_above_mb_fresh_bos,4,2026-04-17,2026-04-22,2026-05-22,145.08,143.08,0.035311312624857934
QCOM,2026-05-22,238.225,237.56,193.98567857142856,19.88107142857143,2656827.0,2688971.45,632922612.0749999,0.03344890150358341,mb_1d_above_mb_fresh_bos,2,2026-05-11,2026-05-14,2026-05-22,237.56,231.99,0.1857039413519632
RVTY,2026-05-22,96.95,95.91,93.62492857142857,4.08357142857143,58305.0,88935.6,5652669.75,0.25467902746195703,mb_1d_above_mb_fresh_bos,0,2026-05-19,2026-05-20,2026-05-22,95.91,94.72,0.03429676563766306
SMCI,2026-05-22,35.57,35.38,29.801571428571428,2.5614285714285723,4652326.0,3668877.25,165483235.82,0.07417735638594443,mb_1d_above_mb_fresh_bos,4,2026-05-08,2026-05-19,2026-05-22,35.38,33.39,0.16217117153299332
SNPS,2026-05-22,524.86,516.32,489.45110714285715,14.729642857142867,101169.0,100190.25,53099561.34,0.5797832359430662,mb_1d_above_mb_fresh_bos,2,2026-05-08,2026-05-19,2026-05-22,516.32,504.51,0.06746350047087386
TTD,2026-05-22,22.385,22.26,20.623321428571426,1.3389285714285717,1123948.0,1530156.7,25159575.98,0.0933582288610296,mb_1d_above_mb_fresh_bos,0,2026-05-18,2026-05-20,2026-05-22,22.26,20.98,0.07869906506270159
TXN,2026-05-22,309.11,308.2,297.40260714285716,10.724642857142856,418940.0,426826.8,129498543.4,0.08485131039994906,mb_1d_above_mb_fresh_bos,2,2026-05-14,2026-05-18,2026-05-22,308.2,306.57,0.037874519935113225
